Start Date,End Date,Campaign Name,Ad Group Name,Targeting,Match Type,Customer Search Term,Impressions,Clicks,Click-Thru Rate (CTR),Cost Per Click (CPC),Spend,Total Advertising Cost of Sales (ACoS) ,Total Return on Advertising Spend (RoAS)
29-May-21,29-May-21,Rainforest - Manual,Broad Ad Group,bamboo kids plates,BROAD,bamboo kids plate set,2,1,50.00%,1.15,1.15,,0.0
31-May-21,9-Jun-21,Rainforest - Manual,Broad Ad Group,bamboo kids plates,BROAD,bamboo kids plates and bowl sets,222,10,4.50%,1.5,15.01,30.03%,3.33
26-May-21,26-May-21,Rainforest - Manual,Broad Ad Group,bamboo kids plates,BROAD,bamboo plate set kids,7,1,14.29%,2.47,2.47,,0.0
29-May-21,29-May-21,Rainforest - Manual,Broad Ad Group,bamboo kids plates,BROAD,grow forward kids bamboo plates and bowl sets,8,1,12.50%,1.98,1.98,,0.0
11-Jun-21,11-Jun-21,Rainforest - Manual,Broad Ad Group,bamboo kids plates,BROAD,kids 10 inch dinner plate bamboo,1,1,100.00%,1.61,1.61,,0.0
5-Jun-21,5-Jun-21,Rainforest - Manual,Broad Ad Group,bamboo kids plates,BROAD,kids bamboo plates and bowl sets,5,1,20.00%,1.78,1.78,,0.0
27-May-21,1-Jun-21,Rainforest - Manual,Broad Ad Group,bamboo kids plates,BROAD,kids plates and bowls sets bamboo,43,2,4.65%,1.11,2.22,,0.0
27-May-21,5-Jun-21,Rainforest - Manual,Broad Ad Group,bamboo kids plates,BROAD,kids plates bamboo,31,3,9.68%,1.22,3.67,7.34%,13.62
28-May-21,12-Jun-21,Rainforest - Manual,Broad Ad Group,bamboo toddler plates,BROAD,bamboo plates for toddlers,29,5,17.24%,1.87,9.35,18.71%,5.35
28-May-21,6-Jun-21,Rainforest - Manual,Broad Ad Group,bamboo toddler plates,BROAD,bamboo plates toddler,16,3,18.75%,1.71,5.13,20.53%,4.87
26-May-21,8-Jun-21,Rainforest - Manual,Broad Ad Group,bamboo toddler plates,BROAD,bamboo toddler plates and bowls set,15,4,26.67%,1.43,5.73,,0.0
28-May-21,6-Jun-21,Rainforest - Manual,Broad Ad Group,bamboo toddler plates,BROAD,toddler bamboo plates,31,5,16.13%,1.89,9.47,18.95%,5.28
4-Jun-21,4-Jun-21,Rainforest - Manual,Broad Ad Group,bamboo toddler plates,BROAD,toddler plates bamboo,7,1,14.29%,2.36,2.36,,0.0
9-Jun-21,9-Jun-21,Rainforest - Manual,Broad Ad Group,kids plates,BROAD,10 inch dinner plate for kids,1,1,100.00%,1.36,1.36,,0.0
28-May-21,28-May-21,Rainforest - Manual,Broad Ad Group,kids plates,BROAD,ahimsa plates kids,1,1,100.00%,1.58,1.58,,0.0
3-Jun-21,3-Jun-21,Rainforest - Manual,Broad Ad Group,kids plates,BROAD,anime kids plates,2,1,50.00%,1.33,1.33,,0.0
4-Jun-21,4-Jun-21,Rainforest - Manual,Broad Ad Group,kids plates,BROAD,batman plates for kids,13,1,7.69%,0.71,0.71,,0.0
27-May-21,27-May-21,Rainforest - Manual,Broad Ad Group,kids plates,BROAD,bear kids plate set,4,1,25.00%,1.11,1.11,,0.0
9-Jun-21,9-Jun-21,Rainforest - Manual,Broad Ad Group,kids plates,BROAD,best eco friendly plates for kids,3,1,33.33%,1.36,1.36,,0.0
6-Jun-21,6-Jun-21,Rainforest - Manual,Broad Ad Group,kids plates,BROAD,biobu kids plates,23,1,4.35%,1.35,1.35,,0.0
9-Jun-21,9-Jun-21,Rainforest - Manual,Broad Ad Group,kids plates,BROAD,dinner plate for kids scratch resistant 10 inch,3,1,33.33%,1.24,1.24,,0.0
30-May-21,3-Jun-21,Rainforest - Manual,Broad Ad Group,kids plates,BROAD,dinner winner kids plate,274,2,0.73%,1.75,3.49,,0.0
26-May-21,26-May-21,Rainforest - Manual,Broad Ad Group,kids plates,BROAD,dinosaur plate kids,65,1,1.54%,0.95,0.95,,0.0
26-May-21,4-Jun-21,Rainforest - Manual,Broad Ad Group,kids plates,BROAD,dishwasher safe kids plates,102,6,5.88%,1.88,11.27,45.10%,2.22
2-Jun-21,2-Jun-21,Rainforest - Manual,Broad Ad Group,kids plates,BROAD,ekobo kids plate,5,1,20.00%,0.28,0.28,,0.0
30-May-21,30-May-21,Rainforest - Manual,Broad Ad Group,kids plates,BROAD,face plate for kids,321,2,0.62%,0.92,1.83,,0.0
4-Jun-21,4-Jun-21,Rainforest - Manual,Broad Ad Group,kids plates,BROAD,food face plates for kids,2,1,50.00%,1.82,1.82,,0.0
27-May-21,30-May-21,Rainforest - Manual,Broad Ad Group,kids plates,BROAD,kid friendly plates,13,3,23.08%,1.72,5.15,,0.0
2-Jun-21,6-Jun-21,Rainforest - Manual,Broad Ad Group,kids plates,BROAD,kid plate set,99,2,2.02%,1.16,2.31,,0.0
12-Jun-21,12-Jun-21,Rainforest - Manual,Broad Ad Group,kids plates,BROAD,kid plates blue,8,1,12.50%,0.88,0.88,,0.0
1-Jun-21,1-Jun-21,Rainforest - Manual,Broad Ad Group,kids plates,BROAD,kid plates set,135,1,0.74%,1.74,1.74,6.96%,14.36
1-Jun-21,1-Jun-21,Rainforest - Manual,Broad Ad Group,kids plates,BROAD,kid safe plates,23,1,4.35%,1.18,1.18,,0.0
2-Jun-21,2-Jun-21,Rainforest - Manual,Broad Ad Group,kids plates,BROAD,kids birthday plates and napkin sets,1,1,100.00%,1.47,1.47,,0.0
2-Jun-21,2-Jun-21,Rainforest - Manual,Broad Ad Group,kids plates,BROAD,kids bowls and plates,5,1,20.00%,1.75,1.75,7.00%,14.28
1-Jun-21,1-Jun-21,Rainforest - Manual,Broad Ad Group,kids plates,BROAD,kids bowls and plates set,17,1,5.88%,1.75,1.75,,0.0
31-May-21,31-May-21,Rainforest - Manual,Broad Ad Group,kids plates,BROAD,kids deep plates,2,1,50.00%,1.75,1.75,,0.0
31-May-21,10-Jun-21,Rainforest - Manual,Broad Ad Group,kids plates,BROAD,kids dinner plates,105,4,3.81%,1.59,6.37,,0.0
27-May-21,27-May-21,Rainforest - Manual,Broad Ad Group,kids plates,BROAD,kids firetruck plate,39,1,2.56%,0.61,0.61,,0.0
31-May-21,31-May-21,Rainforest - Manual,Broad Ad Group,kids plates,BROAD,kids food plate,7,1,14.29%,1.84,1.84,,0.0
10-Jun-21,10-Jun-21,Rainforest - Manual,Broad Ad Group,kids plates,BROAD,kids lunch plate,3,1,33.33%,1.01,1.01,,0.0
25-May-21,10-Jun-21,Rainforest - Manual,Broad Ad Group,kids plates,BROAD,kids melamine plates,43,3,6.98%,1.45,4.35,,0.0
5-Jun-21,5-Jun-21,Rainforest - Manual,Broad Ad Group,kids plates,BROAD,kids non toxic plates,7,1,14.29%,1.9,1.9,,0.0
27-May-21,5-Jun-21,Rainforest - Manual,Broad Ad Group,kids plates,BROAD,kids plate set,418,5,1.20%,1.33,6.66,,0.0
31-May-21,9-Jun-21,Rainforest - Manual,Broad Ad Group,kids plates,BROAD,kids plate sets for boys,9,2,22.22%,1.47,2.93,,0.0
12-Jun-21,12-Jun-21,Rainforest - Manual,Broad Ad Group,kids plates,BROAD,kids plates bpa free,2,1,50.00%,1.66,1.66,,0.0
30-May-21,30-May-21,Rainforest - Manual,Broad Ad Group,kids plates,BROAD,kids plates bulk,42,1,2.38%,1.06,1.06,,0.0
26-May-21,26-May-21,Rainforest - Manual,Broad Ad Group,kids plates,BROAD,kids plates melamine noahs ark,2,1,50.00%,1.18,1.18,,0.0
6-Jun-21,6-Jun-21,Rainforest - Manual,Broad Ad Group,kids plates,BROAD,kids plates montessori,5,1,20.00%,1.35,1.35,,0.0
3-Jun-21,3-Jun-21,Rainforest - Manual,Broad Ad Group,kids plates,BROAD,kids plates neutral,3,1,33.33%,1.11,1.11,,0.0
28-May-21,28-May-21,Rainforest - Manual,Broad Ad Group,kids plates,BROAD,kids plates set,21,1,4.76%,1.76,1.76,,0.0
10-Jun-21,10-Jun-21,Rainforest - Manual,Broad Ad Group,kids plates,BROAD,kids plates set 9 in,3,1,33.33%,1.82,1.82,,0.0
7-Jun-21,8-Jun-21,Rainforest - Manual,Broad Ad Group,kids plates,BROAD,kids plates with lids,8,2,25.00%,1.38,2.76,,0.0
2-Jun-21,2-Jun-21,Rainforest - Manual,Broad Ad Group,kids plates,BROAD,kids reusable plates,71,1,1.41%,1.77,1.77,,0.0
28-May-21,28-May-21,Rainforest - Manual,Broad Ad Group,kids plates,BROAD,kids serving plate,2,1,50.00%,2.16,2.16,,0.0
8-Jun-21,9-Jun-21,Rainforest - Manual,Broad Ad Group,kids plates,BROAD,kids stackable plates,3,2,66.67%,1.14,2.28,,0.0
5-Jun-21,5-Jun-21,Rainforest - Manual,Broad Ad Group,kids plates,BROAD,kinto kids plate,4,1,25.00%,1.88,1.88,,0.0
26-May-21,26-May-21,Rainforest - Manual,Broad Ad Group,kids plates,BROAD,little kid plates sets,6,1,16.67%,1.29,1.29,,0.0
31-May-21,8-Jun-21,Rainforest - Manual,Broad Ad Group,kids plates,BROAD,melamine kids plates,64,5,7.81%,1.52,7.62,30.49%,3.28
31-May-21,12-Jun-21,Rainforest - Manual,Broad Ad Group,kids plates,BROAD,melamine plates for kids,25,5,20.00%,1.79,8.95,,0.0
28-May-21,6-Jun-21,Rainforest - Manual,Broad Ad Group,kids plates,BROAD,melamine plates kids,41,4,9.76%,1.44,5.77,23.09%,4.33
27-May-21,27-May-21,Rainforest - Manual,Broad Ad Group,kids plates,BROAD,metal kids plates,92,1,1.09%,1.2,1.2,,0.0
5-Jun-21,10-Jun-21,Rainforest - Manual,Broad Ad Group,kids plates,BROAD,paintable plates for kids,1927,4,0.21%,0.66,2.63,,0.0
27-May-21,27-May-21,Rainforest - Manual,Broad Ad Group,kids plates,BROAD,pasta plates for kids,10,2,20.00%,1.84,3.68,14.73%,6.79
31-May-21,4-Jun-21,Rainforest - Manual,Broad Ad Group,kids plates,BROAD,pillowfort plates kids,20,2,10.00%,1.59,3.17,,0.0
10-Jun-21,10-Jun-21,Rainforest - Manual,Broad Ad Group,kids plates,BROAD,pizza plate for kids,2,1,50.00%,1.19,1.19,,0.0
25-May-21,25-May-21,Rainforest - Manual,Broad Ad Group,kids plates,BROAD,plate for kids to eat,2,1,50.00%,1.19,1.19,,0.0
26-May-21,26-May-21,Rainforest - Manual,Broad Ad Group,kids plates,BROAD,recycle plates kids,180,3,1.67%,1.51,4.52,,0.0
30-May-21,30-May-21,Rainforest - Manual,Broad Ad Group,kids bowls,BROAD,10 oz kids bowls,3,1,33.33%,1.57,1.57,,0.0
27-May-21,27-May-21,Rainforest - Manual,Broad Ad Group,kids bowls,BROAD,12 oz kids bowls,5,1,20.00%,1.64,1.64,,0.0
6-Jun-21,6-Jun-21,Rainforest - Manual,Broad Ad Group,kids bowls,BROAD,14oz bowls kids,3,1,33.33%,1.59,1.59,,0.0
27-May-21,6-Jun-21,Rainforest - Manual,Broad Ad Group,kids bowls,BROAD,bamboo bowls for kids,52,3,5.77%,1.55,4.66,,0.0
27-May-21,7-Jun-21,Rainforest - Manual,Broad Ad Group,kids bowls,BROAD,bamboo bowls kids,568,10,1.76%,1.8,18.04,36.09%,2.77
31-May-21,12-Jun-21,Rainforest - Manual,Broad Ad Group,kids bowls,BROAD,bamboo kids bowls,95,4,4.21%,1.65,6.61,26.45%,3.78
12-Jun-21,12-Jun-21,Rainforest - Manual,Broad Ad Group,kids bowls,BROAD,bowl kids,8,1,12.50%,1.47,1.47,,0.0
27-May-21,10-Jun-21,Rainforest - Manual,Broad Ad Group,kids bowls,BROAD,bowls for kids,1159,13,1.12%,1.77,23.03,23.04%,4.34
2-Jun-21,2-Jun-21,Rainforest - Manual,Broad Ad Group,kids bowls,BROAD,bowls kids,13,1,7.69%,1.33,1.33,,0.0
10-Jun-21,10-Jun-21,Rainforest - Manual,Broad Ad Group,kids bowls,BROAD,bpa free kids bowls,7,1,14.29%,2.11,2.11,,0.0
8-Jun-21,8-Jun-21,Rainforest - Manual,Broad Ad Group,kids bowls,BROAD,cereal bowl for kids,175,1,0.57%,1.1,1.1,,0.0
1-Jun-21,1-Jun-21,Rainforest - Manual,Broad Ad Group,kids bowls,BROAD,cereal bowl kids,15,1,6.67%,1.5,1.5,,0.0
29-May-21,7-Jun-21,Rainforest - Manual,Broad Ad Group,kids bowls,BROAD,cereal bowls for kids,93,3,3.23%,1.53,4.6,,0.0
28-May-21,11-Jun-21,Rainforest - Manual,Broad Ad Group,kids bowls,BROAD,cereal bowls kids,23,3,13.04%,1.53,4.59,,0.0
27-May-21,27-May-21,Rainforest - Manual,Broad Ad Group,kids bowls,BROAD,craft bowls for kids,20,1,5.00%,0.78,0.78,,0.0
27-May-21,27-May-21,Rainforest - Manual,Broad Ad Group,kids bowls,BROAD,dishwasher safe kids bowls,3,1,33.33%,2.04,2.04,,0.0
10-Jun-21,10-Jun-21,Rainforest - Manual,Broad Ad Group,kids bowls,BROAD,durable bowls for kids,1,1,100.00%,1.58,1.58,,0.0
8-Jun-21,8-Jun-21,Rainforest - Manual,Broad Ad Group,kids bowls,BROAD,green bowls for kids,1,1,100.00%,1.49,1.49,5.96%,16.77
5-Jun-21,10-Jun-21,Rainforest - Manual,Broad Ad Group,kids bowls,BROAD,gyro bowl - the no spill bowl for kids,15,2,13.33%,1.39,2.77,,0.0
7-Jun-21,7-Jun-21,Rainforest - Manual,Broad Ad Group,kids bowls,BROAD,kid cereal bowl,171,1,0.58%,1.37,1.37,,0.0
31-May-21,31-May-21,Rainforest - Manual,Broad Ad Group,kids bowls,BROAD,kid cereal bowls,56,1,1.79%,1.58,1.58,,0.0
26-May-21,26-May-21,Rainforest - Manual,Broad Ad Group,kids bowls,BROAD,kid safe bowls,3,1,33.33%,1.66,1.66,,0.0
5-Jun-21,5-Jun-21,Rainforest - Manual,Broad Ad Group,kids bowls,BROAD,kid size bowls,160,1,0.63%,1.42,1.42,,0.0
6-Jun-21,10-Jun-21,Rainforest - Manual,Broad Ad Group,kids bowls,BROAD,kids bamboo bowls,20,2,10.00%,1.49,2.97,,0.0
7-Jun-21,7-Jun-21,Rainforest - Manual,Broad Ad Group,kids bowls,BROAD,kids bowl with lid,14,1,7.14%,1.08,1.08,,0.0
2-Jun-21,2-Jun-21,Rainforest - Manual,Broad Ad Group,kids bowls,BROAD,kids bowls dishwasher safe,11,1,9.09%,1.31,1.31,,0.0
27-May-21,12-Jun-21,Rainforest - Manual,Broad Ad Group,kids bowls,BROAD,kids bowls set,99,5,5.05%,1.44,7.21,14.43%,6.93
4-Jun-21,11-Jun-21,Rainforest - Manual,Broad Ad Group,kids bowls,BROAD,kids cereal bowl,28,2,7.14%,1.23,2.46,,0.0
26-May-21,31-May-21,Rainforest - Manual,Broad Ad Group,kids bowls,BROAD,kids cereal bowls,70,2,2.86%,1.56,3.11,,0.0
25-May-21,25-May-21,Rainforest - Manual,Broad Ad Group,kids bowls,BROAD,kids lunch bamboo bowl,1,1,100.00%,0.88,0.88,2.93%,34.08
5-Jun-21,5-Jun-21,Rainforest - Manual,Broad Ad Group,kids bowls,BROAD,kids lunch bowl safe,2,1,50.00%,1.12,1.12,,0.0
26-May-21,26-May-21,Rainforest - Manual,Broad Ad Group,kids bowls,BROAD,kids lunch bowls sets for school,2,1,50.00%,1.08,1.08,,0.0
1-Jun-21,7-Jun-21,Rainforest - Manual,Broad Ad Group,kids bowls,BROAD,kids melamine bowls,349,4,1.15%,1.29,5.14,,0.0
10-Jun-21,10-Jun-21,Rainforest - Manual,Broad Ad Group,kids bowls,BROAD,kids metal bowls,111,1,0.90%,1.09,1.09,4.36%,22.93
31-May-21,31-May-21,Rainforest - Manual,Broad Ad Group,kids bowls,BROAD,kids pasta bowl,8,1,12.50%,0.92,0.92,,0.0
8-Jun-21,8-Jun-21,Rainforest - Manual,Broad Ad Group,kids bowls,BROAD,kids popcorn bowls reusable,10,1,10.00%,0.86,0.86,,0.0
25-May-21,25-May-21,Rainforest - Manual,Broad Ad Group,kids bowls,BROAD,kids ramen bowl,566,3,0.53%,1.16,3.48,,0.0
1-Jun-21,1-Jun-21,Rainforest - Manual,Broad Ad Group,kids bowls,BROAD,kids safe bowls,1,1,100.00%,1.57,1.57,,0.0
8-Jun-21,8-Jun-21,Rainforest - Manual,Broad Ad Group,kids bowls,BROAD,kids shallow pasta bowl,1,1,100.00%,1.4,1.4,,0.0
10-Jun-21,10-Jun-21,Rainforest - Manual,Broad Ad Group,kids bowls,BROAD,melamine bowls kids,5,1,20.00%,1.31,1.31,,0.0
29-May-21,29-May-21,Rainforest - Manual,Broad Ad Group,kids bowls,BROAD,melamine kids bowls,8,1,12.50%,1.6,1.6,6.40%,15.62
6-Jun-21,6-Jun-21,Rainforest - Manual,Broad Ad Group,kids bowls,BROAD,metal bowls for kids,241,1,0.41%,1.6,1.6,,0.0
1-Jun-21,1-Jun-21,Rainforest - Manual,Broad Ad Group,kids bowls,BROAD,metal bowls with lids kids,1,1,100.00%,1.52,1.52,,0.0
30-May-21,30-May-21,Rainforest - Manual,Broad Ad Group,kids bowls,BROAD,nordic ware kids bowls,4,1,25.00%,1.17,1.17,,0.0
9-Jun-21,9-Jun-21,Rainforest - Manual,Broad Ad Group,kids bowls,BROAD,oxo kids bowls,2,1,50.00%,1.69,1.69,,0.0
29-May-21,29-May-21,Rainforest - Manual,Broad Ad Group,kids bowls,BROAD,pho bowls for kids,2,1,50.00%,2.02,2.02,,0.0
5-Jun-21,5-Jun-21,Rainforest - Manual,Broad Ad Group,kids bowls,BROAD,pottery bowls for kids,1,1,100.00%,1.03,1.03,,0.0
26-May-21,26-May-21,Rainforest - Manual,Broad Ad Group,kids bowls,BROAD,safe kids bowls set,4,1,25.00%,1.96,1.96,,0.0
5-Jun-21,5-Jun-21,Rainforest - Manual,Broad Ad Group,kids bowls,BROAD,small bowl for kids,2,1,50.00%,1.12,1.12,,0.0
12-Jun-21,12-Jun-21,Rainforest - Manual,Broad Ad Group,kids bowls,BROAD,small bowls for kids,4,1,25.00%,1.57,1.57,,0.0
1-Jun-21,1-Jun-21,Rainforest - Manual,Broad Ad Group,kids bowls,BROAD,small kids bowls,9,1,11.11%,0.95,0.95,,0.0
8-Jun-21,8-Jun-21,Rainforest - Manual,Broad Ad Group,kids bowls,BROAD,vacuum bowls for kids,10,1,10.00%,1.24,1.24,,0.0
7-Jun-21,7-Jun-21,Rainforest - Manual,Broad Ad Group,kids dishes,BROAD,bamboo dish set kids,2,1,50.00%,1.31,1.31,5.24%,19.08
31-May-21,9-Jun-21,Rainforest - Manual,Broad Ad Group,kids dishes,BROAD,bamboo dishes for kids,10,4,40.00%,1.31,5.25,10.50%,9.52
11-Jun-21,11-Jun-21,Rainforest - Manual,Broad Ad Group,kids dishes,BROAD,bamboo kids dishes,6,3,50.00%,1.4,4.19,,0.0
4-Jun-21,4-Jun-21,Rainforest - Manual,Broad Ad Group,kids dishes,BROAD,correlle kids dishes,5,1,20.00%,1.06,1.06,,0.0
31-May-21,31-May-21,Rainforest - Manual,Broad Ad Group,kids dishes,BROAD,dish pottery for kids,2,1,50.00%,0.93,0.93,,0.0
1-Jun-21,1-Jun-21,Rainforest - Manual,Broad Ad Group,kids dishes,BROAD,dishes kids safe,2,1,50.00%,1.29,1.29,,0.0
28-May-21,28-May-21,Rainforest - Manual,Broad Ad Group,kids dishes,BROAD,dishwasher safe kids dishes,1,1,100.00%,2.01,2.01,,0.0
1-Jun-21,1-Jun-21,Rainforest - Manual,Broad Ad Group,kids dishes,BROAD,ekobo kids dish set,13,1,7.69%,1.1,1.1,4.40%,22.72
11-Jun-21,11-Jun-21,Rainforest - Manual,Broad Ad Group,kids dishes,BROAD,enameled kids dishes,2,1,50.00%,1.76,1.76,,0.0
11-Jun-21,11-Jun-21,Rainforest - Manual,Broad Ad Group,kids dishes,BROAD,kid dish set,1,1,100.00%,2.02,2.02,,0.0
4-Jun-21,4-Jun-21,Rainforest - Manual,Broad Ad Group,kids dishes,BROAD,kid dishes bpa free dishwasher safe,3,1,33.33%,0.83,0.83,,0.0
12-Jun-21,12-Jun-21,Rainforest - Manual,Broad Ad Group,kids dishes,BROAD,kids camping dishes,10,1,10.00%,1.88,1.88,,0.0
30-May-21,11-Jun-21,Rainforest - Manual,Broad Ad Group,kids dishes,BROAD,kids dish set,239,6,2.51%,1.01,6.08,,0.0
28-May-21,9-Jun-21,Rainforest - Manual,Broad Ad Group,kids dishes,BROAD,kids dish sets for eating,23,2,8.70%,1.54,3.08,,0.0
31-May-21,12-Jun-21,Rainforest - Manual,Broad Ad Group,kids dishes,BROAD,kids dishes for meal,122,6,4.92%,1.5,8.99,35.97%,2.78
31-May-21,4-Jun-21,Rainforest - Manual,Broad Ad Group,kids dishes,BROAD,kids dishes set,13,2,15.38%,1.54,3.08,,0.0
11-Jun-21,11-Jun-21,Rainforest - Manual,Broad Ad Group,kids dishes,BROAD,kids initial dish,1,1,100.00%,1.36,1.36,,0.0
26-May-21,26-May-21,Rainforest - Manual,Broad Ad Group,kids dishes,BROAD,kids tupperware dish set,2,1,50.00%,1.49,1.49,,0.0
1-Jun-21,1-Jun-21,Rainforest - Manual,Broad Ad Group,kids dishes,BROAD,melamine kids dishes,179,1,0.56%,1.49,1.49,,0.0
26-May-21,26-May-21,Rainforest - Manual,Broad Ad Group,kids dishes,BROAD,mr bones dish set for kids,2,1,50.00%,0.92,0.92,,0.0
5-Jun-21,5-Jun-21,Rainforest - Manual,Broad Ad Group,kids dishes,BROAD,triton kids dishes,2,1,50.00%,1.34,1.34,,0.0
5-Jun-21,5-Jun-21,Rainforest - Manual,Broad Ad Group,kids dishes,BROAD,tupperware kids dishes,1,1,100.00%,1.06,1.06,,0.0
27-May-21,27-May-21,Rainforest - Manual,Broad Ad Group,plates for toddlers,BROAD,metal toddler plate,60,1,1.67%,1.61,1.61,,0.0
31-May-21,31-May-21,Rainforest - Manual,Broad Ad Group,plates for toddlers,BROAD,moana plate set for toddlers,6,1,16.67%,1.48,1.48,,0.0
7-Jun-21,7-Jun-21,Rainforest - Manual,Broad Ad Group,plates for toddlers,BROAD,montessori toddler plates,3,1,33.33%,1.06,1.06,,0.0
27-May-21,27-May-21,Rainforest - Manual,Broad Ad Group,plates for toddlers,BROAD,non breakable plates toddlers,2,1,50.00%,1.25,1.25,,0.0
3-Jun-21,7-Jun-21,Rainforest - Manual,Broad Ad Group,plates for toddlers,BROAD,oxo plates for toddlers,11,2,18.18%,1.57,3.14,12.57%,7.96
12-Jun-21,12-Jun-21,Rainforest - Manual,Broad Ad Group,plates for toddlers,BROAD,plate toddler,1,1,100.00%,1.46,1.46,,0.0
11-Jun-21,11-Jun-21,Rainforest - Manual,Broad Ad Group,plates for toddlers,BROAD,plates and bowls for toddlers,2,1,50.00%,0.98,0.98,3.92%,25.5
9-Jun-21,9-Jun-21,Rainforest - Manual,Broad Ad Group,plates for toddlers,BROAD,plates for toddlers,1,1,100.00%,1.43,1.43,,0.0
26-May-21,26-May-21,Rainforest - Manual,Broad Ad Group,plates for toddlers,BROAD,safe toddler plates,2,1,50.00%,1.45,1.45,4.83%,20.68
29-May-21,29-May-21,Rainforest - Manual,Broad Ad Group,plates for toddlers,BROAD,toddler meal plates,3,1,33.33%,1.28,1.28,,0.0
31-May-21,2-Jun-21,Rainforest - Manual,Broad Ad Group,plates for toddlers,BROAD,toddler plate set,96,3,3.13%,1.4,4.2,,0.0
25-May-21,29-May-21,Rainforest - Manual,Broad Ad Group,plates for toddlers,BROAD,toddler plates,428,6,1.40%,0.99,5.92,10.77%,9.29
4-Jun-21,4-Jun-21,Rainforest - Manual,Broad Ad Group,plates for toddlers,BROAD,toddler plates 6,2,1,50.00%,1.38,1.38,,0.0
30-May-21,30-May-21,Rainforest - Manual,Broad Ad Group,plates for toddlers,BROAD,toddler plates characters,2,1,50.00%,1.65,1.65,6.60%,15.15
28-May-21,28-May-21,Rainforest - Manual,Broad Ad Group,plates for toddlers,BROAD,toddler plates small,8,1,12.50%,1.58,1.58,,0.0
5-Jun-21,5-Jun-21,Rainforest - Manual,Broad Ad Group,plates for toddlers,BROAD,toddler sticky plate,2,1,50.00%,1.68,1.68,,0.0
29-May-21,29-May-21,Rainforest - Manual,Broad Ad Group,kids plates and bowls,BROAD,bpa free kids plates and bowls,26,1,3.85%,2.29,2.29,,0.0
28-May-21,28-May-21,Rainforest - Manual,Broad Ad Group,kids plates and bowls,BROAD,kid friendly bowls and plates,2,2,100.00%,1.64,3.28,13.13%,7.62
29-May-21,29-May-21,Rainforest - Manual,Broad Ad Group,kids plates and bowls,BROAD,kid friendly plates and bowls sets,10,1,10.00%,1.91,1.91,,0.0
5-Jun-21,5-Jun-21,Rainforest - Manual,Broad Ad Group,kids plates and bowls,BROAD,kids bowls and plates,10,1,10.00%,1.53,1.53,,0.0
31-May-21,12-Jun-21,Rainforest - Manual,Broad Ad Group,kids plates and bowls,BROAD,kids bowls and plates set,130,5,3.85%,1.23,6.14,24.57%,4.07
10-Jun-21,12-Jun-21,Rainforest - Manual,Broad Ad Group,kids plates and bowls,BROAD,kids plates and bowls,145,2,1.38%,1.42,2.83,,0.0
25-May-21,27-May-21,Rainforest - Manual,Broad Ad Group,kids plates and bowls,BROAD,kids plates and bowls sets,4271,15,0.35%,1.31,19.69,,0.0
10-Jun-21,10-Jun-21,Rainforest - Manual,Broad Ad Group,kids plates and bowls,BROAD,kids plates and bowls sets dishwasher safe,1,1,100.00%,2.15,2.15,,0.0
10-Jun-21,10-Jun-21,Rainforest - Manual,Broad Ad Group,kids plates and bowls,BROAD,kids safe plates and bowls sets,2,1,50.00%,2.25,2.25,,0.0
26-May-21,26-May-21,Rainforest - Manual,Broad Ad Group,kids plates and bowls,BROAD,non toxic kids plates and bowls,6,1,16.67%,2.27,2.27,9.08%,11.01
30-May-21,9-Jun-21,Rainforest - Manual,Broad Ad Group,kids plates and bowls,BROAD,plates and bowls for kids,17,4,23.53%,1.17,4.69,18.77%,5.33
30-May-21,30-May-21,Rainforest - Manual,Broad Ad Group,kids plates and bowls,BROAD,plates and bowls sets kid friendly,3,1,33.33%,2.19,2.19,,0.0
12-Jun-21,12-Jun-21,Rainforest - Manual,Broad Ad Group,kids plates and bowls,BROAD,plates and bowls sets kids,2,1,50.00%,1.42,1.42,,0.0
25-May-21,25-May-21,Rainforest - Manual,Broad Ad Group,kids dinnerware,BROAD,5pcs/set bamboo kids dinnerware set,2,2,100.00%,1.1,2.2,,0.0
6-Jun-21,6-Jun-21,Rainforest - Manual,Broad Ad Group,kids dinnerware,BROAD,bamboo dinnerware for kids,15,1,6.67%,1.47,1.47,,0.0
29-May-21,5-Jun-21,Rainforest - Manual,Broad Ad Group,kids dinnerware,BROAD,bamboo kids dinnerware,14,2,14.29%,1.69,3.37,,0.0
31-May-21,31-May-21,Rainforest - Manual,Broad Ad Group,kids dinnerware,BROAD,bpa bps free kids dinnerware,1,1,100.00%,1.25,1.25,5.00%,19.99
3-Jun-21,4-Jun-21,Rainforest - Manual,Broad Ad Group,kids dinnerware,BROAD,dinnerware for kids,19,2,10.53%,1.46,2.91,,0.0
9-Jun-21,9-Jun-21,Rainforest - Manual,Broad Ad Group,kids dinnerware,BROAD,dinnerware set for kids,6,1,16.67%,1.03,1.03,,0.0
9-Jun-21,9-Jun-21,Rainforest - Manual,Broad Ad Group,kids dinnerware,BROAD,dinnerware set kids,2,1,50.00%,1.03,1.03,,0.0
25-May-21,2-Jun-21,Rainforest - Manual,Broad Ad Group,kids dinnerware,BROAD,eco friendly kids dinnerware,18,3,16.67%,1.73,5.19,,0.0
29-May-21,29-May-21,Rainforest - Manual,Broad Ad Group,kids dinnerware,BROAD,kid friendly dinnerware set made in usa,1,1,100.00%,1.31,1.31,,0.0
27-May-21,9-Jun-21,Rainforest - Manual,Broad Ad Group,kids dinnerware,BROAD,kids bamboo dinnerware sets,85,8,9.41%,1.64,13.12,52.50%,1.9
30-May-21,30-May-21,Rainforest - Manual,Broad Ad Group,kids dinnerware,BROAD,kids blue dinnerware set,1,1,100.00%,1.54,1.54,,0.0
10-Jun-21,11-Jun-21,Rainforest - Manual,Broad Ad Group,kids dinnerware,BROAD,kids dinnerware,115,2,1.74%,0.85,1.7,,0.0
25-May-21,11-Jun-21,Rainforest - Manual,Broad Ad Group,kids dinnerware,BROAD,kids dinnerware sets,6320,26,0.41%,1.2,31.26,31.27%,3.2
6-Jun-21,6-Jun-21,Rainforest - Manual,Broad Ad Group,kids dinnerware,BROAD,kids dishes dinnerware sets bpa free,13,1,7.69%,1.54,1.54,,0.0
3-Jun-21,3-Jun-21,Rainforest - Manual,Broad Ad Group,kids dinnerware,BROAD,kids eco friendly dinnerware sets,2,1,50.00%,1.52,1.52,,0.0
3-Jun-21,3-Jun-21,Rainforest - Manual,Broad Ad Group,kids dinnerware,BROAD,kids sets of dinnerware,1,1,100.00%,1.25,1.25,,0.0
31-May-21,31-May-21,Rainforest - Manual,Broad Ad Group,kids dinnerware,BROAD,melamine kids dinnerware sets,8,1,12.50%,1.37,1.37,5.48%,18.24
6-Jun-21,6-Jun-21,Rainforest - Manual,Broad Ad Group,bowls for toddlers,BROAD,bakerpan toddler bowls,50,1,2.00%,1.04,1.04,,0.0
10-Jun-21,10-Jun-21,Rainforest - Manual,Broad Ad Group,bowls for toddlers,BROAD,bamboo bowl toddler,22,1,4.55%,1.0,1.0,,0.0
2-Jun-21,2-Jun-21,Rainforest - Manual,Broad Ad Group,bowls for toddlers,BROAD,bamboo toddler bowls,3,1,33.33%,1.87,1.87,,0.0
7-Jun-21,7-Jun-21,Rainforest - Manual,Broad Ad Group,bowls for toddlers,BROAD,montessori plates and bowls for toddlers,3,1,33.33%,1.17,1.17,4.68%,21.36
29-May-21,29-May-21,Rainforest - Manual,Broad Ad Group,bowls for toddlers,BROAD,silicon bowls for toddlers,5,1,20.00%,1.41,1.41,,0.0
9-Jun-21,9-Jun-21,Rainforest - Manual,Broad Ad Group,bowls for toddlers,BROAD,toddler bowl,34,1,2.94%,1.29,1.29,,0.0
2-Jun-21,2-Jun-21,Rainforest - Manual,Broad Ad Group,bowls for toddlers,BROAD,toddler bowl lid,20,1,5.00%,1.65,1.65,,0.0
25-May-21,26-May-21,Rainforest - Manual,Broad Ad Group,bowls for toddlers,BROAD,toddler bowls,655,3,0.46%,0.86,2.58,,0.0
31-May-21,31-May-21,Rainforest - Manual,Broad Ad Group,bowls for toddlers,BROAD,toddler bowls bamboo,45,2,4.44%,1.74,3.48,,0.0
25-May-21,25-May-21,Rainforest - Manual,Broad Ad Group,bowls for toddlers,BROAD,toddler feeding bowls,16,1,6.25%,1.18,1.18,,0.0
29-May-21,29-May-21,Rainforest - Manual,Broad Ad Group,bowls for toddlers,BROAD,toddler plate and bowl,8,1,12.50%,1.75,1.75,,0.0
31-May-21,31-May-21,Rainforest - Manual,Broad Ad Group,bowls for toddlers,BROAD,toddler plates and bowls,15,1,6.67%,0.88,0.88,,0.0
26-May-21,26-May-21,Rainforest - Manual,Broad Ad Group,bowls for toddlers,BROAD,travel bowls for toddlers,3,1,33.33%,1.59,1.59,5.30%,18.86
1-Jun-21,1-Jun-21,Rainforest - Manual,Broad Ad Group,bowls for toddlers,BROAD,youngever toddler bowls,17,1,5.88%,2.0,2.0,,0.0
26-May-21,9-Jun-21,Rainforest - ASIN,ASIN,"asin=""B07FZM2HRL""",-,b07fzm2hrl,417,13,3.12%,1.11,14.38,19.18%,5.21
7-Jun-21,7-Jun-21,Rainforest - ASIN,ASIN,"asin=""B07GWP6VQD""",-,b07gwp6vqd,22,1,4.55%,0.3,0.3,,0.0
30-May-21,9-Jun-21,Rainforest - ASIN,ASIN,"asin=""B0757H88LH""",-,b0757h88lh,1431,23,1.61%,1.58,36.45,36.46%,2.74
28-May-21,12-Jun-21,Rainforest - ASIN,ASIN,"asin=""B07DD9865C""",-,b07dd9865c,1145,14,1.22%,0.94,13.17,26.35%,3.79
26-May-21,1-Jun-21,Rainforest - ASIN,ASIN,"asin=""B0757HTB3P""",-,b0757htb3p,368,5,1.36%,1.84,9.2,18.41%,5.43
26-May-21,12-Jun-21,Rainforest - ASIN,ASIN,"asin=""B07KYXRLSN""",-,b07kyxrlsn,17258,219,1.27%,1.08,235.82,37.75%,2.65
26-May-21,10-Jun-21,Rainforest - ASIN,ASIN,"asin=""B07MR15921""",-,b07mr15921,1119,13,1.16%,0.96,12.44,,0.0
28-May-21,9-Jun-21,Rainforest - ASIN,ASIN,"asin=""B07FYLCGPT""",-,b07fylcgpt,261,8,3.07%,1.38,11.06,44.26%,2.26
29-May-21,12-Jun-21,Rainforest - ASIN,ASIN,"asin=""B082DCX76S""",-,b082dcx76s,686,18,2.62%,0.81,14.51,,0.0
25-May-21,12-Jun-21,Rainforest - ASIN,ASIN,"asin=""B07FP3NYST""",-,b07fp3nyst,7310,63,0.86%,0.79,49.99,50.01%,2.0
5-Jun-21,5-Jun-21,Rainforest - ASIN,ASIN,"asin=""B07V4BGBG8""",-,b07v4bgbg8,11,1,9.09%,0.66,0.66,,0.0
29-May-21,9-Jun-21,Rainforest - ASIN,ASIN,"asin=""B0757H6FSM""",-,b0757h6fsm,1170,17,1.45%,1.36,23.16,92.68%,1.08
2-Jun-21,12-Jun-21,Rainforest - ASIN,ASIN,"asin=""B08F2PR7JS""",-,b08f2pr7js,4182,43,1.03%,0.9,38.56,77.15%,1.3
26-May-21,12-Jun-21,Rainforest - ASIN,ASIN,"asin=""B07KYX5MHX""",-,b07kyx5mhx,7950,60,0.75%,1.01,60.76,40.52%,2.47
1-Jun-21,6-Jun-21,Rainforest - ASIN,ASIN,"asin=""B07FP4X2RL""",-,b07fp4x2rl,251,6,2.39%,1.25,7.52,,0.0
26-May-21,28-May-21,Rainforest - ASIN,ASIN,"asin=""B071CHZBKM""",-,b071chzbkm,83,2,2.41%,1.75,3.49,,0.0
29-May-21,29-May-21,Rainforest - ASIN,ASIN,"asin=""B07FZKKZG6""",-,b07fzkkzg6,43,1,2.33%,1.18,1.18,,0.0
28-May-21,11-Jun-21,Rainforest - ASIN,ASIN,"asin=""B087L7Q1N5""",-,b087l7q1n5,113,5,4.42%,0.81,4.05,8.10%,12.34
2-Jun-21,8-Jun-21,Rainforest - ASIN,ASIN,"asin=""B01AVH0K4C""",-,b01avh0k4c,600,7,1.17%,0.95,6.63,26.53%,3.77
1-Jun-21,11-Jun-21,Rainforest - ASIN,ASIN,"asin=""B07Z52GJMN""",-,b07z52gjmn,75,2,2.67%,0.87,1.73,,0.0
4-Jun-21,9-Jun-21,Rainforest - ASIN,ASIN,"asin=""B071D2YSPM""",-,b071d2yspm,21,2,9.52%,0.84,1.68,,0.0
28-May-21,9-Jun-21,Rainforest - ASIN,ASIN,"asin=""B0757GLR1F""",-,b0757glr1f,1610,15,0.93%,1.28,19.21,76.87%,1.3
28-May-21,29-May-21,Rainforest - ASIN,ASIN,"asin=""B082DCSYCK""",-,b082dcsyck,38,2,5.26%,1.49,2.98,,0.0
28-May-21,4-Jun-21,Rainforest - ASIN,ASIN,"asin=""B088BB23RD""",-,b088bb23rd,206,3,1.46%,1.03,3.08,,0.0
26-May-21,26-May-21,Rainforest - ASIN,ASIN,"asin=""B088BKK9YW""",-,b088bkk9yw,69,2,2.90%,1.08,2.16,,0.0
31-May-21,5-Jun-21,Rainforest - ASIN,ASIN,"asin=""B08531J5B3""",-,b08531j5b3,86,3,3.49%,1.1,3.31,,0.0
29-May-21,29-May-21,Rainforest - ASIN,ASIN,"asin=""B07BNPY4DN""",-,b07bnpy4dn,10,1,10.00%,1.23,1.23,,0.0
1-Jun-21,12-Jun-21,Rainforest - ASIN,ASIN,"asin=""B07V59GBMY""",-,b07v59gbmy,65,3,4.62%,1.02,3.06,,0.0
25-May-21,11-Jun-21,Rainforest - ASIN,ASIN,"asin=""B07KYWP2MT""",-,b07kywp2mt,3495,21,0.60%,0.84,17.57,,0.0
29-May-21,10-Jun-21,Rainforest - ASIN,ASIN,"asin=""B01M6B9BGE""",-,b01m6b9bge,393,7,1.78%,1.02,7.13,,0.0
27-May-21,6-Jun-21,Rainforest - ASIN,ASIN,"asin=""B01M8PIPIL""",-,b01m8pipil,88,2,2.27%,1.09,2.18,,0.0
26-May-21,12-Jun-21,Rainforest - ASIN,ASIN,"asin=""B01M9I7XHN""",-,b01m9i7xhn,584,10,1.71%,1.18,11.76,47.06%,2.13
26-May-21,12-Jun-21,Rainforest - ASIN,ASIN,"asin=""B08GP6TSG4""",-,b08gp6tsg4,681,9,1.32%,1.03,9.24,36.97%,2.7
28-May-21,11-Jun-21,Rainforest - ASIN,ASIN,"asin=""B08GP9CWXR""",-,b08gp9cwxr,748,11,1.47%,1.01,11.06,44.26%,2.26
28-May-21,12-Jun-21,Rainforest - ASIN,ASIN,"asin=""B08GPDXNN4""",-,b08gpdxnn4,833,25,3.00%,0.82,20.58,82.35%,1.21
28-May-21,12-Jun-21,Rainforest - ASIN,ASIN,"asin=""B082DB35W3""",-,b082db35w3,404,6,1.49%,1.06,6.35,25.41%,3.94
26-May-21,12-Jun-21,Rainforest - ASIN,ASIN,"asin=""B07DD9C28V""",-,b07dd9c28v,3889,57,1.47%,1.32,75.11,60.11%,1.66
2-Jun-21,2-Jun-21,Rainforest - ASIN,ASIN,"asin=""B07DDBGBM1""",-,b07ddbgbm1,87,2,2.30%,1.13,2.26,,0.0
28-May-21,10-Jun-21,Rainforest - ASIN,ASIN,"asin=""B07DDBKG2Q""",-,b07ddbkg2q,168,3,1.79%,0.43,1.3,,0.0
28-May-21,12-Jun-21,Rainforest - ASIN,ASIN,"asin=""B07ZHML9NH""",-,b07zhml9nh,921,11,1.19%,0.99,10.84,43.38%,2.31
27-May-21,12-Jun-21,Rainforest - ASIN,ASIN,"asin=""B07ZKZZS5X""",-,b07zkzzs5x,515,7,1.36%,1.05,7.33,29.33%,3.41
25-May-21,12-Jun-21,Rainforest - ASIN,ASIN,"asin=""B078WRHG9X""",-,b078wrhg9x,8954,45,0.50%,0.88,39.41,31.54%,3.17
27-May-21,31-May-21,Rainforest - ASIN,ASIN,"asin=""B0847HBFWX""",-,b0847hbfwx,79,2,2.53%,0.84,1.68,,0.0
26-May-21,1-Jun-21,Rainforest - ASIN,ASIN,"asin=""B006H75WL2""",-,b006h75wl2,1219,4,0.33%,0.67,2.69,,0.0
25-May-21,12-Jun-21,Rainforest - ASIN,ASIN,"asin=""B07QFCC91T""",-,b07qfcc91t,9531,97,1.02%,0.98,94.96,33.33%,3.0
25-May-21,11-Jun-21,Rainforest - ASIN,ASIN,"asin=""B083Z1FCCJ""",-,b083z1fccj,456,15,3.29%,0.87,13.09,26.19%,3.82
30-May-21,11-Jun-21,Rainforest - ASIN,ASIN,"asin=""B071CSJXWN""",-,b071csjxwn,332,5,1.51%,1.06,5.32,,0.0
1-Jun-21,1-Jun-21,Rainforest - ASIN,ASIN,"asin=""B082KJGKTS""",-,b082kjgkts,36,1,2.78%,0.84,0.84,,0.0
28-May-21,9-Jun-21,Rainforest - ASIN,ASIN,"asin=""B082DDHLB5""",-,b082ddhlb5,192,3,1.56%,1.0,2.99,,0.0
1-Jun-21,1-Jun-21,Rainforest - ASIN,ASIN,"asin=""B07V59XDQM""",-,b07v59xdqm,30,1,3.33%,1.41,1.41,,0.0
29-May-21,11-Jun-21,Rainforest - ASIN,ASIN,"asin=""B07DDB4F7B""",-,b07ddb4f7b,1885,13,0.69%,1.04,13.5,,0.0
26-May-21,7-Jun-21,Rainforest - ASIN,ASIN,"asin=""B07RZ9RZ5M""",-,b07rz9rz5m,329,6,1.82%,1.16,6.93,,0.0
26-May-21,8-Jun-21,Rainforest - ASIN,ASIN,"asin=""B07S8JXCDG""",-,b07s8jxcdg,903,8,0.89%,0.98,7.87,,0.0
30-May-21,7-Jun-21,Rainforest - ASIN,ASIN,"asin=""B07FP5P7FS""",-,b07fp5p7fs,145,3,2.07%,1.09,3.27,,0.0
26-May-21,8-Jun-21,Rainforest - ASIN,ASIN,"asin=""B07YL97665""",-,b07yl97665,66,2,3.03%,0.66,1.31,,0.0
29-May-21,29-May-21,Rainforest - ASIN,ASIN,"asin=""B087LK8H2K""",-,b087lk8h2k,22,1,4.55%,0.63,0.63,,0.0
26-May-21,12-Jun-21,Rainforest - ASIN,ASIN,"asin=""B07DD9WBZW""",-,b07dd9wbzw,1011,18,1.78%,1.12,20.19,,0.0
27-May-21,27-May-21,Rainforest - ASIN,ASIN,"asin=""B07QC5T48H""",-,b07qc5t48h,14,1,7.14%,1.0,1.0,,0.0
31-May-21,31-May-21,Rainforest - ASIN,ASIN,"asin=""B082KP946S""",-,b082kp946s,32,1,3.13%,1.06,1.06,,0.0
26-May-21,8-Jun-21,Rainforest - ASIN,ASIN,"asin=""B01MG7OE9X""",-,b01mg7oe9x,1599,16,1.00%,1.08,17.28,,0.0
29-May-21,4-Jun-21,Rainforest - Manual,Exact Ad Group,kids bowls,EXACT,kid bowl,19,2,10.53%,1.89,3.78,,0.0
30-May-21,30-May-21,Rainforest - Manual,Exact Ad Group,kids bowls,EXACT,kid bowls,81,1,1.23%,1.92,1.92,7.68%,13.02
30-May-21,10-Jun-21,Rainforest - Manual,Exact Ad Group,kids bowls,EXACT,kids bowl,625,7,1.12%,1.64,11.47,45.90%,2.18
25-May-21,11-Jun-21,Rainforest - Manual,Exact Ad Group,kids bowls,EXACT,kids bowls,7309,52,0.71%,1.76,91.66,61.13%,1.64
25-May-21,12-Jun-21,Rainforest - Manual,Exact Ad Group,bamboo plates for kids,EXACT,bamboo plates for kids,12864,188,1.46%,1.34,252.1,20.42%,4.9
4-Jun-21,4-Jun-21,Rainforest - Manual,Exact Ad Group,bamboo plates for kids,EXACT,bamboo plates kids,13,1,7.69%,3.7,3.7,14.81%,6.75
27-May-21,11-Jun-21,Rainforest - Manual,Exact Ad Group,kids dishes,EXACT,kid dishes,136,7,5.15%,1.4,9.79,,0.0
25-May-21,11-Jun-21,Rainforest - Manual,Exact Ad Group,kids dishes,EXACT,kids dishes,871,12,1.38%,1.31,15.7,,0.0
2-Jun-21,2-Jun-21,Rainforest - Manual,Exact Ad Group,plates for kids,EXACT,plate kids,138,2,1.45%,1.49,2.98,,0.0
25-May-21,12-Jun-21,Rainforest - Manual,Exact Ad Group,plates for kids,EXACT,plates for kids,664,15,2.26%,1.83,27.42,,0.0
28-May-21,3-Jun-21,Rainforest - Manual,Exact Ad Group,plates for kids,EXACT,plates kids,18,3,16.67%,1.77,5.32,,0.0
6-Jun-21,11-Jun-21,Rainforest - Manual,Exact Ad Group,kids plates,EXACT,kid plate,114,3,2.63%,1.64,4.92,9.84%,10.16
27-May-21,12-Jun-21,Rainforest - Manual,Exact Ad Group,kids plates,EXACT,kid plates,1568,29,1.85%,1.98,57.34,57.36%,1.74
1-Jun-21,12-Jun-21,Rainforest - Manual,Exact Ad Group,kids plates,EXACT,kids plate,461,7,1.52%,2.29,16.06,64.27%,1.56
25-May-21,12-Jun-21,Rainforest - Manual,Exact Ad Group,kids plates,EXACT,kids plates,16269,211,1.30%,2.2,463.94,43.17%,2.32
8-Jun-21,9-Jun-21,Rainforest - Manual,Exact Ad Group,kids plates and bowls sets,EXACT,kids plate and bowl set,13,2,15.38%,1.18,2.35,,0.0
29-May-21,12-Jun-21,Rainforest - Manual,Exact Ad Group,kids plates and bowls sets,EXACT,kids plates and bowls sets,19435,123,0.63%,1.37,168.45,37.45%,2.67
26-May-21,11-Jun-21,Rainforest - Manual,Exact Ad Group,toddler bowls and plates,EXACT,toddler bowls and plates,539,19,3.53%,2.07,39.32,22.48%,4.45
11-Jun-21,11-Jun-21,Rainforest - Manual,Exact Ad Group,bamboo kids plates,EXACT,bamboo kids plate,23,1,4.35%,1.91,1.91,,0.0
25-May-21,12-Jun-21,Rainforest - Manual,Exact Ad Group,bamboo kids plates,EXACT,bamboo kids plates,2157,44,2.04%,1.6,70.26,27.56%,3.63
28-May-21,11-Jun-21,Rainforest - Manual,Exact Ad Group,toddler plates and bowls set,EXACT,toddler plate and bowl set,27,4,14.81%,1.88,7.52,30.09%,3.32
29-May-21,29-May-21,Rainforest - Manual,Exact Ad Group,toddler plates and bowls set,EXACT,toddler plate bowl set,34,1,2.94%,1.3,1.3,,0.0
29-May-21,12-Jun-21,Rainforest - Manual,Exact Ad Group,toddler plates and bowls set,EXACT,toddler plates and bowls set,1626,36,2.21%,1.82,65.56,65.59%,1.52
28-May-21,28-May-21,Rainforest - Manual,Exact Ad Group,kids bamboo plates,EXACT,kids bamboo plate,10,2,20.00%,0.98,1.96,,0.0
26-May-21,12-Jun-21,Rainforest - Manual,Exact Ad Group,kids bamboo plates,EXACT,kids bamboo plates,183,14,7.65%,1.42,19.85,26.48%,3.78
25-May-21,4-Jun-21,Rainforest - Manual,Exact Ad Group,bamboo toddler plates,EXACT,bamboo toddler plate,20,2,10.00%,1.95,3.9,,0.0
26-May-21,12-Jun-21,Rainforest - Manual,Exact Ad Group,bamboo toddler plates,EXACT,bamboo toddler plates,241,16,6.64%,1.75,28.04,37.40%,2.67
31-May-21,17-Jun-21,Floral - ASIN,ASIN,"asin=""B082DB35W3""",-,b082db35w3,341,4,1.17%,1.0,4.0,,0.0
29-May-21,1-Jun-21,Floral - ASIN,ASIN,"asin=""B086ZP9NHS""",-,b086zp9nhs,328,6,1.83%,2.32,13.91,,0.0
26-May-21,16-Jun-21,Floral - ASIN,ASIN,"asin=""B07GNJ6VRY""",-,b07gnj6vry,70,3,4.29%,0.86,2.57,10.28%,9.72
26-May-21,15-Jun-21,Floral - ASIN,ASIN,"asin=""B07DD9C28V""",-,b07dd9c28v,4056,69,1.70%,1.28,88.47,19.67%,5.08
28-May-21,16-Jun-21,Floral - ASIN,ASIN,"asin=""B07DDBGBM1""",-,b07ddbgbm1,283,5,1.77%,0.99,4.97,,0.0
29-May-21,16-Jun-21,Floral - ASIN,ASIN,"asin=""B07DDBKG2Q""",-,b07ddbkg2q,110,3,2.73%,0.65,1.96,7.84%,12.75
29-May-21,29-May-21,Floral - ASIN,ASIN,"asin=""B08GL8S8SQ""",-,b08gl8s8sq,15,1,6.67%,1.08,1.08,,0.0
25-May-21,19-Jun-21,Floral - ASIN,ASIN,"asin=""B07ZHML9NH""",-,b07zhml9nh,2351,27,1.15%,0.84,22.78,18.23%,5.49
26-May-21,19-Jun-21,Floral - ASIN,ASIN,"asin=""B07ZKZZS5X""",-,b07zkzzs5x,1195,22,1.84%,0.87,19.07,10.90%,9.17
5-Jun-21,18-Jun-21,Floral - ASIN,ASIN,"asin=""B07ZL1PTK7""",-,b07zl1ptk7,839,6,0.72%,1.12,6.7,,0.0
25-May-21,19-Jun-21,Floral - ASIN,ASIN,"asin=""B078WRHG9X""",-,b078wrhg9x,6492,82,1.26%,0.93,76.35,61.10%,1.64
2-Jun-21,6-Jun-21,Floral - ASIN,ASIN,"asin=""B0847HBFWX""",-,b0847hbfwx,45,3,6.67%,0.95,2.84,,0.0
26-May-21,17-Jun-21,Floral - ASIN,ASIN,"asin=""B006H75WL2""",-,b006h75wl2,130,5,3.85%,0.42,2.08,,0.0
25-May-21,19-Jun-21,Floral - ASIN,ASIN,"asin=""B07QFCC91T""",-,b07qfcc91t,13238,206,1.56%,1.39,285.65,44.65%,2.24
30-May-21,13-Jun-21,Floral - ASIN,ASIN,"asin=""B083Z1FCCJ""",-,b083z1fccj,110,5,4.55%,0.92,4.6,,0.0
28-May-21,15-Jun-21,Floral - ASIN,ASIN,"asin=""B071CSJXWN""",-,b071csjxwn,185,3,1.62%,1.31,3.93,7.86%,12.72
18-Jun-21,18-Jun-21,Floral - ASIN,ASIN,"asin=""B07K2MXK18""",-,b07k2mxk18,66,1,1.52%,0.93,0.93,1.86%,53.74
30-May-21,13-Jun-21,Floral - ASIN,ASIN,"asin=""B082KJGKTS""",-,b082kjgkts,220,6,2.73%,0.87,5.24,,0.0
27-May-21,14-Jun-21,Floral - ASIN,ASIN,"asin=""B082DDHLB5""",-,b082ddhlb5,389,7,1.80%,1.16,8.13,,0.0
15-Jun-21,18-Jun-21,Floral - ASIN,ASIN,"asin=""B07V59XDQM""",-,b07v59xdqm,165,3,1.82%,1.21,3.63,,0.0
26-May-21,17-Jun-21,Floral - ASIN,ASIN,"asin=""B07DDB4F7B""",-,b07ddb4f7b,4006,25,0.62%,1.19,29.75,59.52%,1.68
28-May-21,15-Jun-21,Floral - ASIN,ASIN,"asin=""B07RZ9RZ5M""",-,b07rz9rz5m,444,6,1.35%,1.09,6.52,,0.0
1-Jun-21,10-Jun-21,Floral - ASIN,ASIN,"asin=""B07S8JXCDG""",-,b07s8jxcdg,508,4,0.79%,1.06,4.24,16.97%,5.89
26-May-21,18-Jun-21,Floral - ASIN,ASIN,"asin=""B07FP5P7FS""",-,b07fp5p7fs,694,16,2.31%,1.41,22.56,45.14%,2.22
26-May-21,17-Jun-21,Floral - ASIN,ASIN,"asin=""B07YL97665""",-,b07yl97665,145,3,2.07%,0.41,1.22,,0.0
29-May-21,18-Jun-21,Floral - ASIN,ASIN,"asin=""B07DD9WBZW""",-,b07dd9wbzw,647,11,1.70%,0.88,9.7,38.82%,2.58
27-May-21,17-Jun-21,Floral - ASIN,ASIN,"asin=""B01MG7OE9X""",-,b01mg7oe9x,2136,28,1.31%,0.82,23.08,,0.0
28-May-21,18-Jun-21,Floral - ASIN,ASIN,"asin=""B07FZM2HRL""",-,b07fzm2hrl,448,14,3.13%,0.93,13.0,26.01%,3.84
7-Jun-21,7-Jun-21,Floral - ASIN,ASIN,"asin=""B07GWP6VQD""",-,b07gwp6vqd,39,1,2.56%,0.28,0.28,,0.0
28-May-21,18-Jun-21,Floral - ASIN,ASIN,"asin=""B0757H88LH""",-,b0757h88lh,1478,24,1.62%,1.28,30.74,30.75%,3.25
27-May-21,18-Jun-21,Floral - ASIN,ASIN,"asin=""B07DD9865C""",-,b07dd9865c,1299,18,1.39%,0.9,16.28,,0.0
25-May-21,31-May-21,Floral - ASIN,ASIN,"asin=""B0757HTB3P""",-,b0757htb3p,489,11,2.25%,1.57,17.24,68.99%,1.45
25-May-21,19-Jun-21,Floral - ASIN,ASIN,"asin=""B07KYXRLSN""",-,b07kyxrlsn,20399,220,1.08%,1.1,242.1,52.65%,1.9
26-May-21,18-Jun-21,Floral - ASIN,ASIN,"asin=""B07MR15921""",-,b07mr15921,600,10,1.67%,0.98,9.83,,0.0
27-May-21,18-Jun-21,Floral - ASIN,ASIN,"asin=""B07FYLCGPT""",-,b07fylcgpt,577,13,2.25%,1.14,14.78,59.14%,1.69
26-May-21,18-Jun-21,Floral - ASIN,ASIN,"asin=""B082DCX76S""",-,b082dcx76s,983,24,2.44%,1.04,24.97,49.96%,2.0
13-Jun-21,13-Jun-21,Floral - ASIN,ASIN,"asin=""B07DDBC5LF""",-,b07ddbc5lf,16,1,6.25%,1.31,1.31,,0.0
25-May-21,13-Jun-21,Floral - ASIN,ASIN,"asin=""B07FP3NYST""",-,b07fp3nyst,7693,56,0.73%,0.79,44.06,88.16%,1.13
26-May-21,18-Jun-21,Floral - ASIN,ASIN,"asin=""B07V4BGBG8""",-,b07v4bgbg8,1180,13,1.10%,0.92,11.91,,0.0
25-May-21,16-Jun-21,Floral - ASIN,ASIN,"asin=""B0757H6FSM""",-,b0757h6fsm,2033,26,1.28%,1.31,34.14,45.54%,2.2
5-Jun-21,19-Jun-21,Floral - ASIN,ASIN,"asin=""B08F2PR7JS""",-,b08f2pr7js,5157,40,0.78%,0.76,30.31,,0.0
27-May-21,18-Jun-21,Floral - ASIN,ASIN,"asin=""B07KYX5MHX""",-,b07kyx5mhx,5964,50,0.84%,0.99,49.25,49.27%,2.03
29-May-21,29-May-21,Floral - ASIN,ASIN,"asin=""B07FP4X2RL""",-,b07fp4x2rl,24,1,4.17%,1.26,1.26,,0.0
2-Jun-21,18-Jun-21,Floral - ASIN,ASIN,"asin=""B071CHZBKM""",-,b071chzbkm,247,9,3.64%,0.89,8.04,,0.0
27-May-21,16-Jun-21,Floral - ASIN,ASIN,"asin=""B07FZKKZG6""",-,b07fzkkzg6,136,5,3.68%,0.8,3.99,,0.0
26-May-21,17-Jun-21,Floral - ASIN,ASIN,"asin=""B087L7Q1N5""",-,b087l7q1n5,224,8,3.57%,0.82,6.55,26.21%,3.82
4-Jun-21,17-Jun-21,Floral - ASIN,ASIN,"asin=""B01AVH0K4C""",-,b01avh0k4c,1165,12,1.03%,0.95,11.44,22.89%,4.37
25-May-21,16-Jun-21,Floral - ASIN,ASIN,"asin=""B07Z52GJMN""",-,b07z52gjmn,146,4,2.74%,1.19,4.77,,0.0
8-Jun-21,8-Jun-21,Floral - ASIN,ASIN,"asin=""B071D2YSPM""",-,b071d2yspm,9,1,11.11%,0.67,0.67,,0.0
27-May-21,15-Jun-21,Floral - ASIN,ASIN,"asin=""B0757GLR1F""",-,b0757glr1f,1268,17,1.34%,1.21,20.5,82.03%,1.22
28-May-21,29-May-21,Floral - ASIN,ASIN,"asin=""B082DCSYCK""",-,b082dcsyck,112,2,1.79%,2.55,5.1,,0.0
14-Jun-21,16-Jun-21,Floral - ASIN,ASIN,"asin=""B088BB23RD""",-,b088bb23rd,51,2,3.92%,0.47,0.94,,0.0
29-May-21,14-Jun-21,Floral - ASIN,ASIN,"asin=""B08531J5B3""",-,b08531j5b3,41,2,4.88%,1.15,2.3,,0.0
30-May-21,30-May-21,Floral - ASIN,ASIN,"asin=""B07V59GBMY""",-,b07v59gbmy,17,1,5.88%,1.04,1.04,,0.0
25-May-21,16-Jun-21,Floral - ASIN,ASIN,"asin=""B07KYWP2MT""",-,b07kywp2mt,3552,24,0.68%,0.98,23.48,,0.0
29-May-21,8-Jun-21,Floral - ASIN,ASIN,"asin=""B01M6B9BGE""",-,b01m6b9bge,258,6,2.33%,0.95,5.71,22.85%,4.38
28-May-21,14-Jun-21,Floral - ASIN,ASIN,"asin=""B01M8PIPIL""",-,b01m8pipil,162,3,1.85%,1.08,3.25,13.01%,7.69
25-May-21,15-Jun-21,Floral - ASIN,ASIN,"asin=""B01M9I7XHN""",-,b01m9i7xhn,407,6,1.47%,1.07,6.41,,0.0
25-May-21,17-Jun-21,Floral - ASIN,ASIN,"asin=""B08GP6TSG4""",-,b08gp6tsg4,1174,25,2.13%,0.85,21.33,71.12%,1.41
27-May-21,19-Jun-21,Floral - ASIN,ASIN,"asin=""B08GP9CWXR""",-,b08gp9cwxr,1548,35,2.26%,1.19,41.81,83.65%,1.2
27-May-21,17-Jun-21,Floral - ASIN,ASIN,"asin=""B08GPDXNN4""",-,b08gpdxnn4,486,11,2.26%,0.85,9.34,,0.0
25-May-21,17-Jun-21,Floral - Manual,Exact Ad Group,kids bowls,EXACT,kids bowl,1102,10,0.91%,1.89,18.94,63.15%,1.58
25-May-21,19-Jun-21,Floral - Manual,Exact Ad Group,kids bowls,EXACT,kids bowls,7708,63,0.82%,1.89,118.99,59.52%,1.68
30-May-21,5-Jun-21,Floral - Manual,Exact Ad Group,bamboo plates for kids,EXACT,bamboo plate kids,45,4,8.89%,1.63,6.53,,0.0
25-May-21,19-Jun-21,Floral - Manual,Exact Ad Group,bamboo plates for kids,EXACT,bamboo plates for kids,22006,160,0.73%,1.38,221.29,16.83%,5.94
2-Jun-21,15-Jun-21,Floral - Manual,Exact Ad Group,bamboo plates for kids,EXACT,bamboo plates kids,36,4,11.11%,2.5,10.0,20.01%,5.0
17-Jun-21,18-Jun-21,Floral - Manual,Exact Ad Group,kids dishes,EXACT,kid dishes,117,3,2.56%,1.07,3.21,,0.0
27-May-21,17-Jun-21,Floral - Manual,Exact Ad Group,kids dishes,EXACT,kids dishes,1741,35,2.01%,1.45,50.85,40.70%,2.46
31-May-21,14-Jun-21,Floral - Manual,Exact Ad Group,plates for kids,EXACT,plate for kids,24,3,12.50%,1.28,3.84,,0.0
27-May-21,17-Jun-21,Floral - Manual,Exact Ad Group,plates for kids,EXACT,plates for kids,713,17,2.38%,1.73,29.47,,0.0
31-May-21,14-Jun-21,Floral - Manual,Exact Ad Group,plates for kids,EXACT,plates kids,19,3,15.79%,1.37,4.1,,0.0
28-May-21,18-Jun-21,Floral - Manual,Exact Ad Group,kids plates,EXACT,kid plate,400,6,1.50%,2.02,12.1,48.42%,2.07
30-May-21,18-Jun-21,Floral - Manual,Exact Ad Group,kids plates,EXACT,kid plates,2392,29,1.21%,1.72,49.74,39.81%,2.51
28-May-21,17-Jun-21,Floral - Manual,Exact Ad Group,kids plates,EXACT,kids plate,1118,13,1.16%,1.83,23.77,95.12%,1.05
25-May-21,19-Jun-21,Floral - Manual,Exact Ad Group,kids plates,EXACT,kids plates,18524,208,1.12%,2.09,433.96,49.62%,2.02
5-Jun-21,17-Jun-21,Floral - Manual,Exact Ad Group,kids plates and bowls sets,EXACT,kids plate and bowl set,13,2,15.38%,1.42,2.84,,0.0
18-Jun-21,18-Jun-21,Floral - Manual,Exact Ad Group,kids plates and bowls sets,EXACT,kids plates and bowls set,6,1,16.67%,1.77,1.77,,0.0
25-May-21,19-Jun-21,Floral - Manual,Exact Ad Group,kids plates and bowls sets,EXACT,kids plates and bowls sets,25362,135,0.53%,1.31,176.56,54.35%,1.84
26-May-21,17-Jun-21,Floral - Manual,Exact Ad Group,toddler bowls and plates,EXACT,toddler bowls and plates,454,22,4.85%,2.05,45.15,180.67%,0.55
13-Jun-21,19-Jun-21,Floral - Manual,Exact Ad Group,bamboo kids plates,EXACT,bamboo kids plate,11,2,18.18%,1.71,3.41,6.82%,14.66
25-May-21,17-Jun-21,Floral - Manual,Exact Ad Group,bamboo kids plates,EXACT,bamboo kids plates,2553,49,1.92%,1.57,76.81,76.84%,1.3
25-May-21,14-Jun-21,Floral - Manual,Exact Ad Group,toddler plates and bowls set,EXACT,toddler plate and bowl set,37,4,10.81%,1.34,5.36,8.94%,11.19
25-May-21,19-Jun-21,Floral - Manual,Exact Ad Group,toddler plates and bowls set,EXACT,toddler plates and bowls set,3907,94,2.41%,1.89,177.35,39.43%,2.54
27-May-21,27-May-21,Floral - Manual,Exact Ad Group,toddler plates and bowls set,EXACT,toddler plates and bowls sets,3,1,33.33%,2.13,2.13,8.52%,11.73
28-May-21,14-Jun-21,Floral - Manual,Exact Ad Group,toddler plates and bowls set,EXACT,toddlers plates and bowls sets,6,2,33.33%,1.7,3.39,,0.0
28-May-21,17-Jun-21,Floral - Manual,Exact Ad Group,kids bamboo plates,EXACT,kids bamboo plate,9,2,22.22%,1.18,2.36,,0.0
26-May-21,18-Jun-21,Floral - Manual,Exact Ad Group,kids bamboo plates,EXACT,kids bamboo plates,322,11,3.42%,1.62,17.83,35.67%,2.8
31-May-21,4-Jun-21,Floral - Manual,Exact Ad Group,bamboo toddler plates,EXACT,bamboo toddler plate,18,2,11.11%,1.88,3.75,,0.0
26-May-21,19-Jun-21,Floral - Manual,Exact Ad Group,bamboo toddler plates,EXACT,bamboo toddler plates,757,33,4.36%,2.15,70.82,,0.0
26-May-21,15-Jun-21,Floral - Manual,Broad Ad Group,bamboo kids plates,BROAD,bamboo kids plates and bowl sets,258,11,4.26%,1.26,13.86,18.49%,5.41
27-May-21,16-Jun-21,Floral - Manual,Broad Ad Group,bamboo kids plates,BROAD,grow forward kids bamboo plates and bowl sets,5,3,60.00%,2.19,6.56,,0.0
11-Jun-21,13-Jun-21,Floral - Manual,Broad Ad Group,bamboo kids plates,BROAD,kids plates bamboo,16,2,12.50%,1.92,3.83,15.33%,6.52
31-May-21,1-Jun-21,Floral - Manual,Broad Ad Group,bamboo toddler plates,BROAD,bamboo plate toddler,3,2,66.67%,1.72,3.44,,0.0
17-Jun-21,17-Jun-21,Floral - Manual,Broad Ad Group,bamboo toddler plates,BROAD,bamboo plates for toddlers,10,1,10.00%,1.67,1.67,6.68%,14.96
28-May-21,17-Jun-21,Floral - Manual,Broad Ad Group,bamboo toddler plates,BROAD,bamboo plates toddler,40,6,15.00%,1.61,9.65,,0.0
3-Jun-21,18-Jun-21,Floral - Manual,Broad Ad Group,bamboo toddler plates,BROAD,bamboo toddler plates and bowls set,11,3,27.27%,1.39,4.18,16.73%,5.98
25-May-21,16-Jun-21,Floral - Manual,Broad Ad Group,bamboo toddler plates,BROAD,toddler bamboo plates,50,6,12.00%,1.91,11.44,,0.0
14-Jun-21,14-Jun-21,Floral - Manual,Broad Ad Group,bamboo toddler plates,BROAD,toddler plate bamboo,3,1,33.33%,1.7,1.7,,0.0
31-May-21,11-Jun-21,Floral - Manual,Broad Ad Group,bamboo toddler plates,BROAD,toddler plates bamboo,7,2,28.57%,1.45,2.89,,0.0
13-Jun-21,13-Jun-21,Floral - Manual,Broad Ad Group,kids plates,BROAD,animal plates for kids,2,1,50.00%,0.91,0.91,,0.0
9-Jun-21,9-Jun-21,Floral - Manual,Broad Ad Group,kids plates,BROAD,colorful plates kids,1,1,100.00%,1.28,1.28,,0.0
18-Jun-21,18-Jun-21,Floral - Manual,Broad Ad Group,kids plates,BROAD,cow plate set kids,12,1,8.33%,0.4,0.4,,0.0
26-May-21,17-Jun-21,Floral - Manual,Broad Ad Group,kids plates,BROAD,dishwasher safe kids plates,39,5,12.82%,1.31,6.55,8.74%,11.45
25-May-21,25-May-21,Floral - Manual,Broad Ad Group,kids plates,BROAD,easy to wash plates kids,2,1,50.00%,0.85,0.85,,0.0
31-May-21,31-May-21,Floral - Manual,Broad Ad Group,kids plates,BROAD,face plate for kids,115,1,0.87%,0.8,0.8,,0.0
27-May-21,27-May-21,Floral - Manual,Broad Ad Group,kids plates,BROAD,food plate for kids,1,1,100.00%,1.36,1.36,,0.0
3-Jun-21,3-Jun-21,Floral - Manual,Broad Ad Group,kids plates,BROAD,foodle plates for kids,1,1,100.00%,1.25,1.25,,0.0
4-Jun-21,4-Jun-21,Floral - Manual,Broad Ad Group,kids plates,BROAD,kid friendly plate charger,2,1,50.00%,0.84,0.84,,0.0
13-Jun-21,13-Jun-21,Floral - Manual,Broad Ad Group,kids plates,BROAD,kid safe plates,39,1,2.56%,0.84,0.84,,0.0
29-May-21,29-May-21,Floral - Manual,Broad Ad Group,kids plates,BROAD,kids bento plate,4,1,25.00%,1.23,1.23,,0.0
28-May-21,7-Jun-21,Floral - Manual,Broad Ad Group,kids plates,BROAD,kids bowls and plates set,80,7,8.75%,0.96,6.7,13.41%,7.46
13-Jun-21,15-Jun-21,Floral - Manual,Broad Ad Group,kids plates,BROAD,kids dinner plates,40,2,5.00%,1.02,2.03,,0.0
1-Jun-21,1-Jun-21,Floral - Manual,Broad Ad Group,kids plates,BROAD,kids dinner plates eco,2,1,50.00%,0.91,0.91,1.21%,82.38
16-Jun-21,16-Jun-21,Floral - Manual,Broad Ad Group,kids plates,BROAD,kids non toxic plates,2,1,50.00%,1.25,1.25,,0.0
1-Jun-21,1-Jun-21,Floral - Manual,Broad Ad Group,kids plates,BROAD,kids pizza plate,2,1,50.00%,1.23,1.23,,0.0
29-May-21,29-May-21,Floral - Manual,Broad Ad Group,kids plates,BROAD,kids plate set,55,1,1.82%,1.28,1.28,,0.0
7-Jun-21,7-Jun-21,Floral - Manual,Broad Ad Group,kids plates,BROAD,kids plate sets,13,1,7.69%,0.93,0.93,,0.0
31-May-21,2-Jun-21,Floral - Manual,Broad Ad Group,kids plates,BROAD,kids plates and bowls,25,4,16.00%,1.05,4.19,16.77%,5.96
27-May-21,27-May-21,Floral - Manual,Broad Ad Group,kids plates,BROAD,kids plates set,6,1,16.67%,1.16,1.16,,0.0
4-Jun-21,4-Jun-21,Floral - Manual,Broad Ad Group,kids plates,BROAD,kids reusable plate sets,3,1,33.33%,1.26,1.26,,0.0
26-May-21,26-May-21,Floral - Manual,Broad Ad Group,kids plates,BROAD,little kid plates sets,6,1,16.67%,1.16,1.16,,0.0
12-Jun-21,12-Jun-21,Floral - Manual,Broad Ad Group,kids plates,BROAD,paintable plates for kids,285,1,0.35%,0.65,0.65,,0.0
7-Jun-21,7-Jun-21,Floral - Manual,Broad Ad Group,kids plates,BROAD,picky eater plates for kids,5,1,20.00%,1.33,1.33,,0.0
4-Jun-21,4-Jun-21,Floral - Manual,Broad Ad Group,kids plates,BROAD,plant based kids plates,1,1,100.00%,1.51,1.51,,0.0
6-Jun-21,6-Jun-21,Floral - Manual,Broad Ad Group,kids plates,BROAD,plates for kids set,2,1,50.00%,0.92,0.92,,0.0
11-Jun-21,11-Jun-21,Floral - Manual,Broad Ad Group,kids plates,BROAD,plates set for kids,1,1,100.00%,1.04,1.04,,0.0
2-Jun-21,2-Jun-21,Floral - Manual,Broad Ad Group,kids plates,BROAD,purple small kid plates,2,1,50.00%,1.27,1.27,,0.0
9-Jun-21,13-Jun-21,Floral - Manual,Broad Ad Group,kids bowls,BROAD,bamboo bowls for kids,76,2,2.63%,1.48,2.95,,0.0
2-Jun-21,19-Jun-21,Floral - Manual,Broad Ad Group,kids bowls,BROAD,bamboo bowls kids,759,15,1.98%,1.59,23.86,31.83%,3.14
18-Jun-21,18-Jun-21,Floral - Manual,Broad Ad Group,kids bowls,BROAD,bamboo kids bowls,16,1,6.25%,2.06,2.06,,0.0
16-Jun-21,16-Jun-21,Floral - Manual,Broad Ad Group,kids bowls,BROAD,bento bowls for kids,4,1,25.00%,1.2,1.2,,0.0
13-Jun-21,13-Jun-21,Floral - Manual,Broad Ad Group,kids bowls,BROAD,bowl for kids,16,1,6.25%,1.13,1.13,,0.0
1-Jun-21,17-Jun-21,Floral - Manual,Broad Ad Group,kids bowls,BROAD,bowls for kids,375,5,1.33%,1.66,8.31,,0.0
15-Jun-21,15-Jun-21,Floral - Manual,Broad Ad Group,kids bowls,BROAD,bowls kids,15,2,13.33%,1.34,2.67,,0.0
6-Jun-21,6-Jun-21,Floral - Manual,Broad Ad Group,kids bowls,BROAD,bpa free bowls kids,2,1,50.00%,1.32,1.32,,0.0
17-Jun-21,17-Jun-21,Floral - Manual,Broad Ad Group,kids bowls,BROAD,breakfast bowl for kids,1,1,100.00%,1.07,1.07,,0.0
13-Jun-21,13-Jun-21,Floral - Manual,Broad Ad Group,kids bowls,BROAD,chef bowls for kids,1,1,100.00%,1.08,1.08,,0.0
31-May-21,31-May-21,Floral - Manual,Broad Ad Group,kids bowls,BROAD,cute bowl kid,4,1,25.00%,0.62,0.62,,0.0
16-Jun-21,16-Jun-21,Floral - Manual,Broad Ad Group,kids bowls,BROAD,dinosaur bowls for kids,3,1,33.33%,1.39,1.39,,0.0
19-Jun-21,19-Jun-21,Floral - Manual,Broad Ad Group,kids bowls,BROAD,dishwasher safe bowls for kids,2,1,50.00%,1.13,1.13,,0.0
6-Jun-21,6-Jun-21,Floral - Manual,Broad Ad Group,kids bowls,BROAD,kids bamboo bowls,15,1,6.67%,1.32,1.32,,0.0
10-Jun-21,10-Jun-21,Floral - Manual,Broad Ad Group,kids bowls,BROAD,kids bowl sets,12,1,8.33%,1.54,1.54,,0.0
15-Jun-21,18-Jun-21,Floral - Manual,Broad Ad Group,kids bowls,BROAD,kids bowl with lid,61,2,3.28%,1.2,2.39,,0.0
18-Jun-21,18-Jun-21,Floral - Manual,Broad Ad Group,kids bowls,BROAD,kids bowls bamboo,8,1,12.50%,1.62,1.62,,0.0
10-Jun-21,10-Jun-21,Floral - Manual,Broad Ad Group,kids bowls,BROAD,kids bowls sustainable,2,1,50.00%,0.92,0.92,,0.0
12-Jun-21,12-Jun-21,Floral - Manual,Broad Ad Group,kids bowls,BROAD,kids rice bowl,3,1,33.33%,0.8,0.8,,0.0
9-Jun-21,9-Jun-21,Floral - Manual,Broad Ad Group,kids bowls,BROAD,kids serving bowl,2,1,50.00%,1.13,1.13,,0.0
14-Jun-21,14-Jun-21,Floral - Manual,Broad Ad Group,kids bowls,BROAD,kids stackable bowls,3,1,33.33%,1.38,1.38,2.76%,36.22
14-Jun-21,14-Jun-21,Floral - Manual,Broad Ad Group,kids bowls,BROAD,noodle bowl for kids,26,1,3.85%,0.73,0.73,,0.0
17-Jun-21,17-Jun-21,Floral - Manual,Broad Ad Group,kids bowls,BROAD,noodle bowls for kids,6,1,16.67%,1.32,1.32,,0.0
17-Jun-21,17-Jun-21,Floral - Manual,Broad Ad Group,kids bowls,BROAD,sip bowls for kids,46,1,2.17%,1.19,1.19,,0.0
2-Jun-21,2-Jun-21,Floral - Manual,Broad Ad Group,kids bowls,BROAD,small bowls for kids,3,1,33.33%,1.18,1.18,,0.0
31-May-21,31-May-21,Floral - Manual,Broad Ad Group,kids bowls,BROAD,tupperware bowls kids,2,1,50.00%,1.31,1.31,5.24%,19.08
7-Jun-21,7-Jun-21,Floral - Manual,Broad Ad Group,toddler dishes,BROAD,toddler dish set,5,1,20.00%,1.57,1.57,,0.0
31-May-21,6-Jun-21,Floral - Manual,Broad Ad Group,toddler dishes,BROAD,toddler dishes,45,2,4.44%,0.71,1.41,,0.0
2-Jun-21,2-Jun-21,Floral - Manual,Broad Ad Group,toddler dishes,BROAD,toddler dishes dinnerware sets,78,1,1.28%,0.81,0.81,,0.0
8-Jun-21,8-Jun-21,Floral - Manual,Broad Ad Group,toddler dishes,BROAD,toddler eating dishes,63,1,1.59%,0.86,0.86,,0.0
28-May-21,28-May-21,Floral - Manual,Broad Ad Group,kids dishes,BROAD,bambino kids' dish set ekobo,2,1,50.00%,0.83,0.83,,0.0
11-Jun-21,14-Jun-21,Floral - Manual,Broad Ad Group,kids dishes,BROAD,bamboo dishes for kids,60,3,5.00%,1.0,2.99,,0.0
13-Jun-21,13-Jun-21,Floral - Manual,Broad Ad Group,kids dishes,BROAD,bamboo kids dishes,4,1,25.00%,0.86,0.86,,0.0
8-Jun-21,8-Jun-21,Floral - Manual,Broad Ad Group,kids dishes,BROAD,dishwasher safe kids dishes,3,1,33.33%,1.77,1.77,,0.0
14-Jun-21,14-Jun-21,Floral - Manual,Broad Ad Group,kids dishes,BROAD,islamic dishes for kids,1,1,100.00%,1.2,1.2,,0.0
13-Jun-21,13-Jun-21,Floral - Manual,Broad Ad Group,kids dishes,BROAD,kid dishes dishwasher safe,4,1,25.00%,1.34,1.34,5.36%,18.65
27-May-21,10-Jun-21,Floral - Manual,Broad Ad Group,kids dishes,BROAD,kids dish set,64,3,4.69%,1.15,3.45,,0.0
13-Jun-21,14-Jun-21,Floral - Manual,Broad Ad Group,kids dishes,BROAD,kids dish sets for eating,26,2,7.69%,1.3,2.59,10.36%,9.65
10-Jun-21,10-Jun-21,Floral - Manual,Broad Ad Group,kids dishes,BROAD,kids dish strainer,1,1,100.00%,0.61,0.61,,0.0
6-Jun-21,13-Jun-21,Floral - Manual,Broad Ad Group,kids dishes,BROAD,kids dishes dinnerware sets bpa free,8,2,25.00%,1.37,2.74,,0.0
30-May-21,19-Jun-21,Floral - Manual,Broad Ad Group,kids dishes,BROAD,kids dishes for meal,94,6,6.38%,1.01,6.03,6.03%,16.58
17-Jun-21,17-Jun-21,Floral - Manual,Broad Ad Group,kids dishes,BROAD,kids dishes full set,4,1,25.00%,1.0,1.0,,0.0
17-Jun-21,17-Jun-21,Floral - Manual,Broad Ad Group,kids dishes,BROAD,kids dishes set dishwasher safe,2,1,50.00%,1.23,1.23,,0.0
17-Jun-21,17-Jun-21,Floral - Manual,Broad Ad Group,kids dishes,BROAD,kids non breakable dishes,1,1,100.00%,1.11,1.11,,0.0
25-May-21,25-May-21,Floral - Manual,Broad Ad Group,kids dishes,BROAD,leaf dish sets for kids,1,1,100.00%,0.82,0.82,,0.0
5-Jun-21,5-Jun-21,Floral - Manual,Broad Ad Group,kids dishes,BROAD,parrot dish for kids,4,1,25.00%,0.8,0.8,,0.0
14-Jun-21,14-Jun-21,Floral - Manual,Broad Ad Group,plates for toddlers,BROAD,cocomelon plate set for toddlers,3,1,33.33%,1.21,1.21,,0.0
13-Jun-21,14-Jun-21,Floral - Manual,Broad Ad Group,plates for toddlers,BROAD,dishwasher safe toddler plates,4,2,50.00%,1.19,2.38,4.76%,21.0
31-May-21,31-May-21,Floral - Manual,Broad Ad Group,plates for toddlers,BROAD,misu plates toddlers,1,1,100.00%,1.21,1.21,,0.0
31-May-21,31-May-21,Floral - Manual,Broad Ad Group,plates for toddlers,BROAD,non toxic toddler plates,2,1,50.00%,1.22,1.22,,0.0
14-Jun-21,14-Jun-21,Floral - Manual,Broad Ad Group,plates for toddlers,BROAD,plate set for toddler,63,1,1.59%,0.75,0.75,3.00%,33.32
16-Jun-21,16-Jun-21,Floral - Manual,Broad Ad Group,plates for toddlers,BROAD,plate toddler,2,1,50.00%,2.0,2.0,,0.0
27-May-21,7-Jun-21,Floral - Manual,Broad Ad Group,plates for toddlers,BROAD,plates for toddlers,91,5,5.49%,1.1,5.5,,0.0
16-Jun-21,16-Jun-21,Floral - Manual,Broad Ad Group,plates for toddlers,BROAD,toddler dinner plates,9,1,11.11%,1.85,1.85,,0.0
15-Jun-21,15-Jun-21,Floral - Manual,Broad Ad Group,plates for toddlers,BROAD,toddler meal plates,4,1,25.00%,1.09,1.09,,0.0
16-Jun-21,16-Jun-21,Floral - Manual,Broad Ad Group,plates for toddlers,BROAD,toddler no slide plates bpa free,1,1,100.00%,1.36,1.36,,0.0
12-Jun-21,12-Jun-21,Floral - Manual,Broad Ad Group,plates for toddlers,BROAD,toddler plate set,36,1,2.78%,0.91,0.91,,0.0
13-Jun-21,16-Jun-21,Floral - Manual,Broad Ad Group,plates for toddlers,BROAD,toddler plates and bowls,26,4,15.38%,1.43,5.73,,0.0
17-Jun-21,17-Jun-21,Floral - Manual,Broad Ad Group,plates for toddlers,BROAD,toddler plates and bowls set boys,2,1,50.00%,1.41,1.41,,0.0
1-Jun-21,1-Jun-21,Floral - Manual,Broad Ad Group,plates for toddlers,BROAD,toddler plates bulk,181,1,0.55%,1.12,1.12,,0.0
13-Jun-21,13-Jun-21,Floral - Manual,Broad Ad Group,plates for toddlers,BROAD,toddler plates with lids,5,1,20.00%,1.13,1.13,,0.0
12-Jun-21,15-Jun-21,Floral - Manual,Broad Ad Group,kids plates and bowls,BROAD,kids bowls and plates,18,3,16.67%,1.21,3.62,,0.0
11-Jun-21,17-Jun-21,Floral - Manual,Broad Ad Group,kids plates and bowls,BROAD,kids bowls and plates set,112,7,6.25%,1.57,11.01,,0.0
7-Jun-21,7-Jun-21,Floral - Manual,Broad Ad Group,kids plates and bowls,BROAD,kids colorful rubber plates and bowls,2,1,50.00%,1.09,1.09,,0.0
19-Jun-21,19-Jun-21,Floral - Manual,Broad Ad Group,kids plates and bowls,BROAD,kids dinnerware sets plates and bowls,2,1,50.00%,1.18,1.18,,0.0
13-Jun-21,16-Jun-21,Floral - Manual,Broad Ad Group,kids plates and bowls,BROAD,kids plates and bowls,78,3,3.85%,1.35,4.05,,0.0
31-May-21,31-May-21,Floral - Manual,Broad Ad Group,kids plates and bowls,BROAD,kids plates and bowls sets girls,4,1,25.00%,0.54,0.54,,0.0
14-Jun-21,14-Jun-21,Floral - Manual,Broad Ad Group,kids plates and bowls,BROAD,microbe safe plates and bowls for kids,5,1,20.00%,1.38,1.38,,0.0
19-Jun-21,19-Jun-21,Floral - Manual,Broad Ad Group,kids dinnerware,BROAD,bamboo dinnerware for kids,11,1,9.09%,0.9,0.9,,0.0
11-Jun-21,11-Jun-21,Floral - Manual,Broad Ad Group,kids dinnerware,BROAD,bamboo kids dinnerware,4,1,25.00%,1.85,1.85,,0.0
15-Jun-21,15-Jun-21,Floral - Manual,Broad Ad Group,kids dinnerware,BROAD,dinnerware for kids,6,1,16.67%,0.79,0.79,,0.0
25-May-21,25-May-21,Floral - Manual,Broad Ad Group,kids dinnerware,BROAD,dinnerware sets for 4 kids safe,4,1,25.00%,0.68,0.68,,0.0
13-Jun-21,13-Jun-21,Floral - Manual,Broad Ad Group,kids dinnerware,BROAD,eco friendly kids dinnerware,2,1,50.00%,1.0,1.0,4.00%,24.99
18-Jun-21,18-Jun-21,Floral - Manual,Broad Ad Group,kids dinnerware,BROAD,eco friendly kids dinnerware sets,1,1,100.00%,0.72,0.72,,0.0
25-May-21,25-May-21,Floral - Manual,Broad Ad Group,kids dinnerware,BROAD,kid friendly but expensive dinnerware,5,1,20.00%,0.24,0.24,,0.0
9-Jun-21,16-Jun-21,Floral - Manual,Broad Ad Group,kids dinnerware,BROAD,kids bamboo dinnerware sets,34,4,11.76%,1.3,5.2,,0.0
27-May-21,27-May-21,Floral - Manual,Broad Ad Group,kids dinnerware,BROAD,kids dinnerware,12,1,8.33%,0.74,0.74,,0.0
10-Jun-21,10-Jun-21,Floral - Manual,Broad Ad Group,kids dinnerware,BROAD,kids dinnerware set,5,1,20.00%,0.2,0.2,,0.0
25-May-21,17-Jun-21,Floral - Manual,Broad Ad Group,kids dinnerware,BROAD,kids dinnerware sets,4118,15,0.36%,0.94,14.07,,0.0
17-Jun-21,17-Jun-21,Floral - Manual,Broad Ad Group,kids dinnerware,BROAD,kids dishes dinnerware sets bpa free,4,1,25.00%,1.64,1.64,,0.0
27-May-21,27-May-21,Floral - Manual,Broad Ad Group,bowls for toddlers,BROAD,bamboo bowl toddler,22,1,4.55%,0.34,0.34,,0.0
31-May-21,13-Jun-21,Floral - Manual,Broad Ad Group,bowls for toddlers,BROAD,bowls for toddlers,24,2,8.33%,1.65,3.29,13.17%,7.6
6-Jun-21,6-Jun-21,Floral - Manual,Broad Ad Group,bowls for toddlers,BROAD,bowls toddler,7,1,14.29%,1.02,1.02,,0.0
28-May-21,28-May-21,Floral - Manual,Broad Ad Group,bowls for toddlers,BROAD,no spill bowls for toddlers,11,1,9.09%,1.37,1.37,,0.0
7-Jun-21,7-Jun-21,Floral - Manual,Broad Ad Group,bowls for toddlers,BROAD,plates and bowls for toddlers,8,1,12.50%,0.65,0.65,,0.0
5-Jun-21,5-Jun-21,Floral - Manual,Broad Ad Group,bowls for toddlers,BROAD,splash toddler bowls,69,1,1.45%,0.75,0.75,,0.0
9-Jun-21,18-Jun-21,Floral - Manual,Broad Ad Group,bowls for toddlers,BROAD,toddler bowl,289,6,2.08%,1.12,6.72,,0.0
25-May-21,16-Jun-21,Floral - Manual,Broad Ad Group,bowls for toddlers,BROAD,toddler bowls,557,8,1.44%,1.47,11.76,23.53%,4.25
28-May-21,6-Jun-21,Floral - Manual,Broad Ad Group,bowls for toddlers,BROAD,toddler food bowls,12,2,16.67%,0.78,1.55,,0.0
27-May-21,7-Jun-21,Floral - Manual,Broad Ad Group,bowls for toddlers,BROAD,toddler plates and bowls,83,5,6.02%,1.15,5.73,,0.0
29-May-21,18-Jun-21,Floral - Manual,Exact Ad Group,toddler plates,EXACT,toddler plate,1124,22,1.96%,1.95,42.86,42.88%,2.33
28-May-21,19-Jun-21,Floral - Manual,Exact Ad Group,toddler plates,EXACT,toddler plates,7732,192,2.48%,2.06,395.27,71.90%,1.39
3-Jun-21,8-Jun-21,Rainforest - Manual,Exact Ad Group,bowls for toddlers,EXACT,bowls for toddlers,29,3,10.34%,2.0,6.01,24.05%,4.16
29-May-21,29-May-21,Rainforest - Manual,Exact Ad Group,plates for toddlers,EXACT,plate for toddler,45,1,2.22%,1.63,1.63,,0.0
28-May-21,3-Jun-21,Rainforest - Manual,Exact Ad Group,plates for toddlers,EXACT,plate toddler,15,2,13.33%,1.9,3.8,,0.0
27-May-21,6-Jun-21,Rainforest - Manual,Exact Ad Group,plates for toddlers,EXACT,plates for toddlers,182,5,2.75%,1.75,8.74,34.97%,2.86
6-Jun-21,6-Jun-21,Rainforest - Manual,Exact Ad Group,plates for toddlers,EXACT,plates toddler,10,1,10.00%,1.1,1.1,,0.0
25-May-21,6-Jun-21,Rainforest - Manual,Exact Ad Group,kids dinnerware,EXACT,kids dinnerware,365,5,1.37%,1.03,5.16,20.65%,4.84
27-May-21,8-Jun-21,Rainforest - Manual,Exact Ad Group,kids plates and bowls,EXACT,kids plates and bowls,561,15,2.67%,1.43,21.5,86.03%,1.16
28-May-21,5-Jun-21,Rainforest - Manual,Exact Ad Group,toddler bowls,EXACT,toddler bowl,418,5,1.20%,1.7,8.5,,0.0
28-May-21,7-Jun-21,Rainforest - Manual,Exact Ad Group,toddler bowls,EXACT,toddler bowls,1024,15,1.46%,1.71,25.68,102.76%,0.97
29-May-21,10-Jun-21,Rainforest - Manual,Exact Ad Group,toddler plates,EXACT,toddler plate,1194,24,2.01%,1.89,45.38,45.40%,2.2
28-May-21,12-Jun-21,Rainforest - Manual,Exact Ad Group,toddler plates,EXACT,toddler plates,6028,128,2.12%,2.07,264.62,70.59%,1.42
2-Jun-21,2-Jun-21,Rainforest - Manual,Exact Ad Group,toddler plates,EXACT,toddlers plates,2,1,50.00%,1.69,1.69,6.76%,14.79
31-May-21,8-Jun-21,Floral - Manual,Exact Ad Group,toddler bowls,EXACT,toddler bowl,639,7,1.10%,1.89,13.26,53.06%,1.88
28-May-21,8-Jun-21,Floral - Manual,Exact Ad Group,toddler bowls,EXACT,toddler bowls,675,11,1.63%,1.76,19.4,,0.0
9-Jun-21,9-Jun-21,Rainforest - ASIN,ASIN,"asin=""B01AVGY5YO""",-,b01avgy5yo,109,2,1.83%,1.17,2.34,,0.0
5-Jun-21,11-Jun-21,Rainforest - ASIN,ASIN,"asin=""B091BK5LFN""",-,b091bk5lfn,122,4,3.28%,0.9,3.61,,0.0
3-Jun-21,12-Jun-21,Rainforest - ASIN,ASIN,"asin=""B07DLXQZ4K""",-,b07dlxqz4k,740,16,2.16%,1.04,16.67,13.34%,7.5
6-Jun-21,12-Jun-21,Rainforest - ASIN,ASIN,"asin=""B08MMLZYLZ""",-,b08mmlzylz,738,6,0.81%,0.81,4.84,,0.0
5-Jun-21,7-Jun-21,Rainforest - ASIN,ASIN,"asin=""B07D9TMH28""",-,b07d9tmh28,162,3,1.85%,0.87,2.61,10.44%,9.57
4-Jun-21,9-Jun-21,Rainforest - ASIN,ASIN,"asin=""B08MMJTVPL""",-,b08mmjtvpl,75,3,4.00%,0.69,2.07,2.76%,36.22
13-Jun-21,15-Jun-21,Floral - ASIN,ASIN,"asin=""B08MKW1VFX""",-,b08mkw1vfx,40,2,5.00%,0.75,1.5,,0.0
3-Jun-21,17-Jun-21,Floral - ASIN,ASIN,"asin=""B01AVGY5YO""",-,b01avgy5yo,145,5,3.45%,0.89,4.45,,0.0
6-Jun-21,19-Jun-21,Floral - ASIN,ASIN,"asin=""B091BK5LFN""",-,b091bk5lfn,96,3,3.13%,0.69,2.07,,0.0
6-Jun-21,19-Jun-21,Floral - ASIN,ASIN,"asin=""B07DLXQZ4K""",-,b07dlxqz4k,723,15,2.07%,0.91,13.66,18.22%,5.49
6-Jun-21,18-Jun-21,Floral - ASIN,ASIN,"asin=""B08MMLZYLZ""",-,b08mmlzylz,915,9,0.98%,0.86,7.78,31.13%,3.21
3-Jun-21,14-Jun-21,Floral - ASIN,ASIN,"asin=""B07D9TMH28""",-,b07d9tmh28,43,2,4.65%,1.14,2.27,,0.0
14-Jun-21,14-Jun-21,Floral - ASIN,ASIN,"asin=""B08MMJTVPL""",-,b08mmjtvpl,21,1,4.76%,0.55,0.55,,0.0
6-Jun-21,6-Jun-21,Rainforest - ASIN,ASIN,"asin=""B08MKW1VFX""",-,b08mkw1vfx,15,1,6.67%,1.03,1.03,,0.0
4-Jun-21,11-Jun-21,Rainforest - ASIN,ASIN,"asin=""B07JRHN1NX""",-,b07jrhn1nx,1735,13,0.75%,0.95,12.41,49.66%,2.01
4-Jun-21,9-Jun-21,Floral - ASIN,ASIN,"asin=""B07JRHN1NX""",-,b07jrhn1nx,735,6,0.82%,0.83,4.98,,0.0
30-May-21,30-May-21,Rainforest - Ultimate,Ultimate,*,-,b07gv5xb7j,1,1,100.00%,0.16,0.16,,0.0
30-May-21,2-Jun-21,Rainforest - Ultimate,Ultimate,*,-,b07kyxrlsn,2,2,100.00%,0.18,0.36,1.44%,69.42
8-Jun-21,8-Jun-21,Rainforest - Ultimate,Ultimate,*,-,b07ps2gzmq,2,1,50.00%,0.12,0.12,,0.0
6-Jun-21,6-Jun-21,Rainforest - Ultimate,Ultimate,*,-,b07yjk2fzt,2,1,50.00%,0.18,0.18,,0.0
28-May-21,28-May-21,Rainforest - Ultimate,Ultimate,*,-,b08d8r4v43,3,2,66.67%,0.18,0.36,,0.0
11-Jun-21,11-Jun-21,Rainforest - Ultimate,Ultimate,*,-,b08jctmtxw,1,1,100.00%,0.06,0.06,,0.0
30-May-21,30-May-21,Rainforest - Ultimate,Ultimate,*,-,b08jzjwmjj,3,1,33.33%,0.16,0.16,,0.0
1-Jun-21,1-Jun-21,Rainforest - Ultimate,Ultimate,*,-,b08l4j1wkd,1,1,100.00%,0.15,0.15,,0.0
3-Jun-21,3-Jun-21,Rainforest - Ultimate,Ultimate,*,-,b08x6x7sh4,1,1,100.00%,0.18,0.18,,0.0
6-Jun-21,6-Jun-21,Rainforest - Ultimate,Ultimate,*,-,camping plates bamboo,1,1,100.00%,0.02,0.02,,0.0
1-Jun-21,3-Jun-21,Rainforest - Ultimate,Ultimate,*,-,grow forward,64,6,9.38%,0.12,0.74,0.74%,135.08
9-Jun-21,9-Jun-21,Rainforest - Ultimate,Ultimate,*,-,grow forward bowls,2,1,50.00%,0.18,0.18,,0.0
31-May-21,31-May-21,Rainforest - Ultimate,Ultimate,*,-,plates and bowls sets,2,1,50.00%,0.18,0.18,,0.0
25-May-21,25-May-21,Rainforest - Ultimate,Ultimate,*,-,toddler plates and bowls set,21,1,4.76%,0.18,0.18,,0.0
28-May-21,28-May-21,Rainforest - Ultimate,Ultimate,*,-,weemoose plates,1,1,100.00%,0.19,0.19,,0.0
2-Jun-21,2-Jun-21,Floral - Ultimate,Ultimate,*,-,b01f4kawia,1,1,100.00%,0.05,0.05,,0.0
30-May-21,30-May-21,Floral - Ultimate,Ultimate,*,-,b07fp3nyst,16,1,6.25%,0.18,0.18,,0.0
18-Jun-21,18-Jun-21,Floral - Ultimate,Ultimate,*,-,b07jy8d65f,1,1,100.00%,0.07,0.07,,0.0
27-May-21,27-May-21,Floral - Ultimate,Ultimate,*,-,b07kw5plw9,1,1,100.00%,0.18,0.18,,0.0
26-May-21,2-Jun-21,Floral - Ultimate,Ultimate,*,-,b07kyx5mhx,14,2,14.29%,0.18,0.36,,0.0
30-May-21,30-May-21,Floral - Ultimate,Ultimate,*,-,b07xhmx5vy,7,1,14.29%,0.18,0.18,,0.0
18-Jun-21,18-Jun-21,Floral - Ultimate,Ultimate,*,-,b07zhml9nh,1,1,100.00%,0.12,0.12,,0.0
14-Jun-21,14-Jun-21,Floral - Ultimate,Ultimate,*,-,b08cskbqvc,7,1,14.29%,0.18,0.18,,0.0
16-Jun-21,16-Jun-21,Floral - Ultimate,Ultimate,*,-,b08gp3b6hb,1,1,100.00%,0.07,0.07,,0.0
19-Jun-21,19-Jun-21,Floral - Ultimate,Ultimate,*,-,b08njz1xy9,1,1,100.00%,0.04,0.04,,0.0
3-Jun-21,3-Jun-21,Floral - Ultimate,Ultimate,*,-,b08x653v74,1,1,100.00%,0.15,0.15,,0.0
30-May-21,15-Jun-21,Floral - Ultimate,Ultimate,*,-,grow forward,21,5,23.81%,0.12,0.62,2.48%,40.31
3-Jun-21,3-Jun-21,Floral - Ultimate,Ultimate,*,-,grow+forward,1,1,100.00%,0.24,0.24,,0.0
9-Jun-21,9-Jun-21,Floral - Ultimate,Ultimate,*,-,wheat straw dinnerware sets,1,1,100.00%,0.06,0.06,,0.0
